-- phpMyAdmin SQL Dump
-- version 4.9.7
-- https://www.phpmyadmin.net/
--
-- Servidor: localhost:3306
-- Tiempo de generación: 30-06-2021 a las 07:14:56
-- Versión del servidor: 10.3.30-MariaDB
-- Versión de PHP: 7.3.28

SET SQL_MODE = "NO_AUTO_VALUE_ON_ZERO";
SET AUTOCOMMIT = 0;
START TRANSACTION;
SET time_zone = "+00:00";


/*!40101 SET @OLD_CHARACTER_SET_CLIENT=@@CHARACTER_SET_CLIENT */;
/*!40101 SET @OLD_CHARACTER_SET_RESULTS=@@CHARACTER_SET_RESULTS */;
/*!40101 SET @OLD_COLLATION_CONNECTION=@@COLLATION_CONNECTION */;
/*!40101 SET NAMES utf8mb4 */;

--
-- Base de datos: `dmrbol_Distribuidora`
--

-- --------------------------------------------------------

--
-- Estructura de tabla para la tabla `Agenda`
--

CREATE TABLE `Agenda` (
  `id_agenda` int(11) NOT NULL,
  `titulo` varchar(30) CHARACTER SET latin1 NOT NULL,
  `fecha` date NOT NULL,
  `hora` varchar(10) CHARACTER SET latin1 NOT NULL,
  `descripcion` varchar(100) CHARACTER SET latin1 NOT NULL,
  `estado` varchar(8) CHARACTER SET latin1 NOT NULL
) ENGINE=MyISAM DEFAULT CHARSET=utf8 COLLATE=utf8_spanish_ci;

-- --------------------------------------------------------

--
-- Estructura de tabla para la tabla `Cliente`
--

CREATE TABLE `Cliente` (
  `id_cliente` int(11) NOT NULL,
  `codigo_c` int(5) NOT NULL,
  `nombre_cliente` varchar(70) COLLATE utf8_spanish_ci NOT NULL,
  `direccion_cliente` varchar(250) COLLATE utf8_spanish_ci NOT NULL,
  `ubicacion_latitud` varchar(25) COLLATE utf8_spanish_ci NOT NULL,
  `ubicacion_longitud` varchar(25) COLLATE utf8_spanish_ci NOT NULL,
  `telefono` int(10) NOT NULL,
  `razon_social` varchar(100) COLLATE utf8_spanish_ci DEFAULT NULL,
  `nit` int(10) NOT NULL
) ENGINE=InnoDB DEFAULT CHARSET=utf8 COLLATE=utf8_spanish_ci;

--
-- Volcado de datos para la tabla `Cliente`
--

INSERT INTO `Cliente` (`id_cliente`, `codigo_c`, `nombre_cliente`, `direccion_cliente`, `ubicacion_latitud`, `ubicacion_longitud`, `telefono`, `razon_social`, `nit`) VALUES
(1, 1, 'Prueba', 'Av acre', '-17.7814627', '-63.1333201', 0, 'tienda prueba', 0),
(2, 2, 'Yovana Condori', 'av 9 febrero', '-17.7757237', '-63.2150132', 74001136, 'Tienda Yovana', 0),
(3, 3, 'Jesus balneario sahuada', 'B/Amistad ', '-11.0232799', '-68.7637505', 73003851, 'balneario sahuada', 3),
(4, 3, 'prueba 2', 'B/Amistad ', '-11.0232799', '-68.7637505', 73003851, 'trabajo ', 3),
(5, 5, 'Perlita', 'poner', '-17.7815163', '-63.1332696', 0, 'T Perlita', 0),
(6, 6, 'Gabriela', 'poner', '-17.7815163', '-63.1332696', 0, 'T Gabriela', 0),
(7, 7, 'Alicia ', 'poner ', '-17.7815163', '-63.1332696', 0, 'T Alicia', 0),
(8, 8, 'Poner ', 'poner ', '-17.7815163', '-63.1332696', 0, 'Que Cocanga', 0),
(9, 9, 'Kara Panza ', 'Av. 9 de febrero', '-17.7815163', '-63.1332696', 0, 'Kara Panza', 0),
(10, 10, 'Poner ', 'poner ', '-17.7815163', '-63.1332696', 0, 'T La surtidita', 0),
(11, 11, 'Mileydy', 'poner ', '-17.7815163', '-63.1332696', 0, 'T Mileidy', 0),
(12, 12, 'Junior', 'poner ', '-17.7815163', '-63.1332696', 0, 'T Junior', 0),
(13, 13, 'poner ', 'poner ', '-17.7815163', '-63.1332696', 0, 'T al paso', 0),
(14, 14, 'Poma', 'poner ', '-17.7815163', '-63.1332696', 0, 'Comercial Poma', 0),
(15, 15, 'poner ', 'poner ', '-17.7815163', '-63.1332696', 0, 'Snack La colmena', 0),
(16, 16, 'Lesly', 'poner ', '-17.7815163', '-63.1332696', 0, 'Snack Lesly', 0),
(17, 17, 'poner ', 'poner ', '-17.7815163', '-63.1332696', 0, 'Snack Que rico', 0),
(18, 18, 'Denise', 'poner ', '-17.7815163', '-63.1332696', 0, 'Snack Denisse', 0),
(19, 19, 'Ayacucho', 'poner ', '-17.7815163', '-63.1332696', 0, 'Comercial Ayacucho', 0),
(20, 20, 'Jesus', 'poner ', '-17.7815163', '-63.1332696', 0, 'Tienda Jesus', 0),
(21, 21, 'Francisco', 'poner ', '-17.7815163', '-63.1332696', 0, 'T San Francisco', 0),
(22, 22, 'Angela Jaño', 'poner ', '-17.7815163', '-63.1332696', 0, 'T Angela', 0),
(23, 23, 'Midori', 'poner ', '-17.7815163', '-63.1332696', 8, 'T Midori', 0),
(24, 24, 'Rodríguez', 'poner ', '-17.7815163', '-63.1332696', 2, 'T Rodríguez', 0),
(25, 25, 'Rodríguez', 'poner ', '-17.7815163', '-63.1332696', 3, 'Frial Rodríguez', 0),
(26, 26, 'Aspi', 'Av 9 de febrero', '-17.7815163', '-63.1332696', 2, 'Frial Aspi', 2),
(27, 27, 'poner ', 'Av 9 de febrero km3', '-17.7815163', '-63.1332696', 2, 'Frial km3', 2),
(28, 28, 'Mary ', 'Poner ', '-17.7815163', '-63.1332696', 2, 'Frial Mary', 2),
(29, 29, 'Silvia ', 'poner ', '-17.7815163', '-63.1332696', 2, 'T Silvia', 2),
(30, 30, 'Soledad', 'poner ', '-17.7815163', '-63.1332696', 2, 'T Sole', 3),
(31, 31, 'poner ', 'Av 9 de febrero esq km3', '-17.7815163', '-63.1332696', 2, 'Karaoke La Voz', 2),
(32, 32, 'poner ', 'poner ', '-17.7815163', '-63.1332696', 2, 'Pescadería los Tajibos', 2),
(33, 33, 'Susana', 'poner ', '-17.7815163', '-63.1332696', 2, 'T Doña Susy', 2),
(34, 34, 'Olga', 'poner', '-17.7815163', '-63.1332696', 2, 'Tienda Olga', 2),
(35, 35, 'Rocío', 'poner ', '-17.7815163', '-63.1332696', 3, 'T Rocio', 2),
(36, 36, 'poner ', 'Av. internacional', '-17.7815163', '-63.1332696', 2, 'Bolo Beishu', 2),
(37, 37, 'Rosario', 'poner', '-17.78149242', '-63.13327107', 3, 'T Charito', 2),
(38, 38, 'poner ', 'poner ', '-17.78149242', '-63.13327107', 2, 'La Palhosa', 2),
(39, 39, 'poner ', 'Estadium', '-17.78149242', '-63.13327107', 2, 'Power Gym', 2),
(40, 40, 'poner ', 'poner', '-17.78149242', '-63.13327107', 2, 'T punto v', 2),
(41, 41, 'poner', 'poner', '-17.78149242', '-63.13327107', 74023664, 'Jhon Vir', 2),
(42, 42, 'Torrez', 'poner', '-17.78149242', '-63.13327107', 2, 'T Torrez', 2),
(43, 43, 'Lara', 'poner', '-17.78149242', '-63.13327107', 2, 'Fotocopiadora Lara', 2),
(44, 44, 'Coquito', 'poner', '-17.78149242', '-63.13327107', 2, 'Fotocopiadora Coquito', 2),
(45, 45, 'Esmeralda', 'poner', '-17.78149242', '-63.13327107', 2, 'T Esmeralda', 2),
(46, 46, 'Kathy', 'poner', '-17.78149242', '-63.13327107', 2, 'T Kathy', 2),
(47, 47, 'Brenda ', 'poner', '-17.78149242', '-63.13327107', 2, 'T Brenda', 2),
(48, 48, 'poner', 'Av. Internacional', '-17.78149242', '-63.13327107', 2, 'Hotel El Dorado', 2),
(49, 49, 'Leo', 'poner ', '-17.78149242', '-63.13327107', 2, 'T doña leo', 2),
(50, 50, 'bendicion', 'poner', '-17.78149242', '-63.13327107', 2, 'T La Bendición', 2),
(51, 51, 'poner', 'poner', '-17.78149242', '-63.13327107', 3, 'Crossfit del estadio', 2),
(52, 52, 'milenca limachi', 'mercado abasto', '-17.78149242', '-63.13327107', 2, 'milenka limachi', 2),
(53, 53, 't  a y a', 'poner', '-17.78149242', '-63.13327107', 2, 'T AyA', 2),
(54, 54, 'Florita', 'poner', '-17.78149242', '-63.13327107', 2, 'T Surtidita', 2),
(55, 55, 't la esquina', 'poner', '-17.78149242', '-63.13327107', 2, 'T la esquina', 2),
(56, 56, 'Angel', 'poner', '-17.78149242', '-63.13327107', 2, 'Frial Ángeles', 2),
(57, 57, 'Jimena Escobar', 'poner', '-17.78149242', '-63.13327107', 1, 'Poner', 1),
(58, 58, 'Angélica Escobar ', 'poner', '-17.78149242', '-63.13327107', 1, 'poner', 1),
(59, 59, 'Basilio', 'poner', '-17.78149242', '-63.13327107', 1, 'Basilio', 1),
(60, 60, 'María Velasco', 'poner', '-17.78149242', '-63.13327107', 1, 'María Velasco', 1),
(61, 61, 'Sebastiana Mamani', 'Plaza Humberth', '-17.78149242', '-63.13327107', 1, 'Sebastiana', 1),
(62, 62, 'Sheyla Flores ', 'poner', '-17.78149242', '-63.13327107', 1, 'Sheila Flores ', 1),
(63, 63, 'Santos Poma ', 'poner', '-17.78149242', '-63.13327107', 1, 'Santos Poma', 1),
(64, 64, 'Víctor ', 'poner', '-17.78149242', '-63.13327107', 1, 'Victor', 1),
(65, 65, 'Elva', 'poner', '-17.78149242', '-63.13327107', 1, 'Elva', 1),
(66, 66, 'Soledad Pacheco', 'poner', '-17.78149242', '-63.13327107', 1, 'Soledad Pacheco', 1),
(67, 67, 'Carmen Poma', 'poner', '-17.78149242', '-63.13327107', 1, 'Carmen Poma', 1),
(68, 68, 'Damian', 'poner ', '-17.78149242', '-63.13327107', 1, 'Damian', 1),
(69, 69, 'Silvia ', 'poner ', '-17.78149242', '-63.13327107', 1, 'Silvia', 1),
(70, 70, 'Soledad', 'poner', '-17.78149242', '-63.13327107', 1, 'Soledad', 1),
(71, 71, 'Sergio Quispe', 'poner', '-17.78149242', '-63.13327107', 1, 'Sergio Quispe', 1);

-- --------------------------------------------------------

--
-- Estructura de tabla para la tabla `Compras`
--

CREATE TABLE `Compras` (
  `id_compra` int(11) NOT NULL,
  `fecha_compra` date NOT NULL,
  `numero_factura` int(10) NOT NULL,
  `id_proveedor` int(11) NOT NULL,
  `saldo` decimal(8,3) NOT NULL,
  `total` decimal(10,3) NOT NULL
) ENGINE=InnoDB DEFAULT CHARSET=utf8 COLLATE=utf8_spanish_ci;

--
-- Volcado de datos para la tabla `Compras`
--

INSERT INTO `Compras` (`id_compra`, `fecha_compra`, `numero_factura`, `id_proveedor`, `saldo`, `total`) VALUES
(4, '2021-05-11', 2, 1, 0.000, 80400.000),
(7, '2021-05-11', 999, 1, 0.000, 69514.600),
(8, '2021-05-22', 2535, 1, 0.000, 71.000),
(9, '2021-06-01', 2, 1, 0.000, 14405.000),
(10, '2021-06-16', 2, 1, 0.000, 24000.000),
(11, '2021-06-16', 2, 1, 0.000, 1200.000);

-- --------------------------------------------------------

--
-- Estructura de tabla para la tabla `Costos`
--

CREATE TABLE `Costos` (
  `id_costos` int(11) NOT NULL,
  `nombre_costos` varchar(50) COLLATE utf8_spanish_ci NOT NULL,
  `monto` decimal(7,2) NOT NULL,
  `fecha` date NOT NULL,
  `mes` int(5) NOT NULL,
  `gestion` int(5) NOT NULL,
  `tipo_costo` varchar(10) COLLATE utf8_spanish_ci NOT NULL,
  `descripcion` varchar(52) COLLATE utf8_spanish_ci NOT NULL
) ENGINE=InnoDB DEFAULT CHARSET=utf8 COLLATE=utf8_spanish_ci;

-- --------------------------------------------------------

--
-- Estructura de tabla para la tabla `Costo_fijo`
--

CREATE TABLE `Costo_fijo` (
  `id_cf` int(11) NOT NULL,
  `nombre_cf` varchar(30) COLLATE utf8_spanish_ci NOT NULL,
  `monto_cf` decimal(5,2) NOT NULL,
  `fecha_cf` date NOT NULL,
  `mes_cf` int(11) NOT NULL,
  `gestion_cf` int(11) NOT NULL,
  `descripcion_cf` varchar(150) COLLATE utf8_spanish_ci NOT NULL,
  `tipo_gasto_cf` varchar(20) COLLATE utf8_spanish_ci NOT NULL
) ENGINE=MyISAM DEFAULT CHARSET=utf8 COLLATE=utf8_spanish_ci;

--
-- Volcado de datos para la tabla `Costo_fijo`
--

INSERT INTO `Costo_fijo` (`id_cf`, `nombre_cf`, `monto_cf`, `fecha_cf`, `mes_cf`, `gestion_cf`, `descripcion_cf`, `tipo_gasto_cf`) VALUES
(1, 'costo fijo 1', 100.00, '2021-06-23', 6, 2021, 'prueba costo fijo 1', 'Flete'),
(2, 'costo fijo 1', 100.00, '2021-06-23', 7, 2021, 'prueba costo fijo 1', 'Flete'),
(3, 'costo fijo 1', 100.00, '2021-06-23', 8, 2021, 'prueba costo fijo 1', 'Flete'),
(4, 'costo fijo 1', 100.00, '2021-06-23', 9, 2021, 'prueba costo fijo 1', 'Flete'),
(5, 'Costo fijo 2', 200.00, '2021-06-23', 6, 2021, 'alquiler almacen', 'alquiler'),
(6, 'Costo fijo 2', 200.00, '2021-06-23', 7, 2021, 'alquiler almacen', 'alquiler'),
(7, 'Costo fijo 2', 200.00, '2021-06-23', 8, 2021, 'alquiler almacen', 'alquiler'),
(8, 'Costo fijo 2', 200.00, '2021-06-23', 9, 2021, 'alquiler almacen', 'alquiler'),
(9, 'Costo fijo 2', 200.00, '2021-06-23', 10, 2021, 'alquiler almacen', 'alquiler'),
(10, 'Costo fijo 3', 120.00, '2021-06-23', 6, 2021, 'Agua, luz del alquiler', 'Alquiler'),
(11, 'Costo fijo 3', 120.00, '2021-06-23', 7, 2021, 'Agua, luz del alquiler', 'Alquiler'),
(12, 'Costo fijo 3', 120.00, '2021-06-23', 8, 2021, 'Agua, luz del alquiler', 'Alquiler'),
(13, 'Costo fijo 3', 120.00, '2021-06-23', 9, 2021, 'Agua, luz del alquiler', 'Alquiler'),
(14, 'Costo fijo 3', 120.00, '2021-06-23', 10, 2021, 'Agua, luz del alquiler', 'Alquiler'),
(15, 'Costo fijo 3', 120.00, '2021-06-23', 11, 2021, 'Agua, luz del alquiler', 'Alquiler'),
(16, 'Costo fijo 3', 120.00, '2021-06-23', 12, 2021, 'Agua, luz del alquiler', 'Alquiler');

-- --------------------------------------------------------

--
-- Estructura de tabla para la tabla `Costo_variable`
--

CREATE TABLE `Costo_variable` (
  `id_cv` int(11) NOT NULL,
  `nombre_cv` varchar(40) COLLATE utf8_spanish_ci NOT NULL,
  `monto_cv` decimal(5,2) NOT NULL,
  `fecha_cv` date NOT NULL,
  `mes_cv` int(5) NOT NULL,
  `gestion_cv` int(5) NOT NULL,
  `descripcion_cv` varchar(150) COLLATE utf8_spanish_ci NOT NULL,
  `tipo_gasto_cv` varchar(50) COLLATE utf8_spanish_ci NOT NULL
) ENGINE=MyISAM DEFAULT CHARSET=utf8 COLLATE=utf8_spanish_ci;

--
-- Volcado de datos para la tabla `Costo_variable`
--

INSERT INTO `Costo_variable` (`id_cv`, `nombre_cv`, `monto_cv`, `fecha_cv`, `mes_cv`, `gestion_cv`, `descripcion_cv`, `tipo_gasto_cv`) VALUES
(1, 'costo-v 1', 80.00, '2021-06-23', 6, 2021, 'prueba costo variable 1', 'gasolina'),
(2, 'costo-v 2', 110.00, '2021-06-23', 6, 2021, 'pasaje a cobija', 'pasaje');

-- --------------------------------------------------------

--
-- Estructura de tabla para la tabla `DetalleCompra`
--

CREATE TABLE `DetalleCompra` (
  `id_dc` int(11) NOT NULL,
  `numero_factura` int(10) NOT NULL,
  `id_producto` int(11) NOT NULL,
  `cantidad_compra` int(10) NOT NULL,
  `precio_producto` decimal(8,2) NOT NULL,
  `descuento_producto` decimal(8,3) NOT NULL DEFAULT 0.000,
  `sub_total` decimal(10,3) NOT NULL
) ENGINE=InnoDB DEFAULT CHARSET=utf8 COLLATE=utf8_spanish_ci;

--
-- Volcado de datos para la tabla `DetalleCompra`
--

INSERT INTO `DetalleCompra` (`id_dc`, `numero_factura`, `id_producto`, `cantidad_compra`, `precio_producto`, `descuento_producto`, `sub_total`) VALUES
(22, 2, 7, 800, 100.50, 0.000, 80400.000),
(33, 999, 17, 140, 71.33, 0.000, 9986.200),
(34, 999, 19, 132, 120.50, 0.000, 15906.000),
(35, 999, 9, 240, 128.51, 0.000, 30842.400),
(36, 999, 5, 60, 71.00, 0.000, 4260.000),
(37, 999, 16, 120, 40.00, 0.000, 4800.000),
(38, 999, 29, 40, 35.20, 0.000, 1408.000),
(39, 999, 30, 20, 35.20, 0.000, 704.000),
(40, 999, 23, 40, 40.20, 0.000, 1608.000),
(41, 2535, 2, 1, 76.00, 5.000, 71.000),
(42, 2, 2, 61, 76.00, 0.000, 4636.000),
(43, 2, 11, 16, 205.00, 0.000, 3280.000),
(44, 2, 20, 71, 75.00, 0.000, 5325.000),
(45, 2, 24, 7, 32.00, 0.000, 224.000),
(46, 2, 32, 20, 47.00, 0.000, 940.000),
(47, 2, 21, 480, 50.00, 0.000, 24000.000),
(48, 2, 27, 40, 30.00, 0.000, 1200.000);

-- --------------------------------------------------------

--
-- Estructura de tabla para la tabla `DetalleVenta`
--

CREATE TABLE `DetalleVenta` (
  `id_dv` int(11) NOT NULL,
  `cantidad` int(8) NOT NULL,
  `id_producto` int(11) NOT NULL,
  `precio_producto` decimal(8,3) NOT NULL,
  `descuento` decimal(5,3) NOT NULL,
  `sub_total` decimal(10,3) NOT NULL,
  `envases` int(4) NOT NULL,
  `factura` int(10) NOT NULL
) ENGINE=InnoDB DEFAULT CHARSET=utf8 COLLATE=utf8_spanish_ci;

--
-- Volcado de datos para la tabla `DetalleVenta`
--

INSERT INTO `DetalleVenta` (`id_dv`, `cantidad`, `id_producto`, `precio_producto`, `descuento`, `sub_total`, `envases`, `factura`) VALUES
(1, 5, 21, 50.000, 1.000, 245.000, 0, 1),
(2, 10, 21, 50.000, 1.000, 490.000, 0, 2),
(3, 30, 19, 128.000, 0.000, 3840.000, 0, 3),
(4, 3, 29, 40.000, 0.000, 120.000, 0, 3),
(5, 3, 21, 50.000, 0.000, 150.000, 0, 1),
(6, 2, 19, 128.000, 1.000, 254.000, 0, 1),
(7, 1, 16, 43.000, 0.000, 43.000, 0, 1),
(8, 1, 21, 50.000, 0.000, 50.000, 0, 1),
(9, 1, 25, 45.000, 0.000, 45.000, 0, 1),
(10, 4, 16, 43.000, 0.000, 172.000, 0, 1),
(11, 1, 16, 43.000, 0.000, 43.000, 0, 1),
(12, 6, 21, 50.000, 0.000, 300.000, 0, 1),
(13, 1, 24, 32.000, 0.000, 32.000, 0, 1),
(14, 1, 5, 32.000, 0.000, 32.000, 0, 1),
(15, 2, 9, 140.000, 0.000, 280.000, 0, 3),
(16, 2, 21, 50.000, 0.000, 100.000, 0, 3),
(17, 2, 16, 43.000, 0.000, 86.000, 0, 3),
(18, 3, 20, 70.000, 0.000, 210.000, 0, 3),
(19, 1, 12, 205.000, 0.000, 205.000, 0, 3),
(20, 2, 17, 96.000, 0.000, 192.000, 0, 3),
(21, 1, 5, 76.000, 0.000, 76.000, 0, 3),
(22, 5, 29, 40.000, 0.000, 200.000, 0, 2),
(23, 5, 30, 40.000, 0.000, 200.000, 0, 2),
(24, 1, 9, 140.000, 5.000, 135.000, 0, 1),
(25, 30, 17, 96.000, 6.500, 2685.000, 30, 1),
(26, 5, 17, 96.000, 3.500, 462.500, 0, 2),
(27, 5, 9, 140.000, 5.000, 675.000, 0, 2),
(28, 1, 12, 205.000, 0.000, 205.000, 0, 2),
(29, 1, 11, 205.000, 5.000, 200.000, 0, 2),
(30, 1, 20, 70.000, 0.000, 70.000, 1, 2),
(31, 2, 2, 76.000, 0.000, 152.000, 0, 1),
(32, 1, 4, 105.000, 0.000, 105.000, 0, 1),
(33, 1, 11, 205.000, 5.000, 200.000, 0, 1),
(34, 1, 12, 205.000, 0.000, 205.000, 0, 1),
(35, 10, 9, 140.000, 5.000, 1350.000, 0, 1),
(36, 10, 17, 96.000, 3.000, 930.000, 0, 1),
(37, 6, 19, 128.000, 1.000, 762.000, 0, 1),
(38, 2, 6, 95.000, 0.000, 190.000, 0, 1),
(39, 2, 10, 205.000, 0.000, 410.000, 0, 1),
(40, 20, 21, 50.000, 0.000, 1000.000, 0, 2),
(41, 2, 23, 46.000, 0.000, 92.000, 0, 2),
(42, 2, 24, 32.000, 0.000, 64.000, 0, 2),
(43, 4, 29, 40.000, 0.000, 160.000, 0, 2),
(44, 4, 30, 40.000, 0.000, 160.000, 0, 2),
(45, 5, 26, 68.000, 0.000, 340.000, 0, 2),
(46, 4, 21, 50.000, 0.000, 200.000, 0, 3),
(47, 1, 24, 32.000, 0.000, 32.000, 0, 3),
(48, 1, 17, 96.000, 6.000, 90.000, 0, 1),
(49, 1, 24, 32.000, 0.000, 32.000, 0, 1),
(50, 5, 17, 96.000, 6.000, 450.000, 0, 1),
(51, 1, 20, 70.000, 0.000, 70.000, 0, 1),
(52, 3, 21, 50.000, 0.000, 150.000, 0, 2),
(53, 1, 24, 32.000, 0.000, 32.000, 0, 2),
(54, 1, 2, 76.000, 0.000, 76.000, 0, 1),
(55, 1, 21, 50.000, 0.000, 50.000, 0, 1),
(56, 2, 23, 46.000, 0.000, 92.000, 0, 1),
(57, 1, 2, 76.000, 0.000, 76.000, 0, 1),
(58, 2, 16, 43.000, 0.000, 86.000, 0, 1),
(59, 2, 17, 96.000, 6.000, 180.000, 0, 1),
(60, 1, 25, 45.000, 0.000, 45.000, 0, 1),
(61, 1, 28, 50.000, 0.000, 50.000, 0, 1),
(62, 10, 21, 50.000, 0.000, 500.000, 0, 3),
(63, 2, 9, 140.000, 5.000, 270.000, 0, 1),
(64, 1, 5, 76.000, 0.000, 76.000, 0, 1),
(65, 10, 24, 32.000, 0.000, 320.000, 0, 1),
(66, 5, 21, 50.000, 0.000, 250.000, 0, 1),
(67, 800, 7, 106.000, 5.000, 80800.000, 0, 1),
(68, 30, 19, 128.000, 3.000, 3750.000, 0, 4),
(69, 5, 17, 96.000, 6.000, 450.000, 0, 3),
(70, 5, 19, 128.000, 1.000, 635.000, 0, 3),
(71, 1, 20, 75.000, 0.000, 75.000, 0, 3),
(72, 1, 22, 40.000, 0.000, 40.000, 0, 3),
(73, 500, 9, 140.000, 5.000, 67500.000, 0, 3),
(74, 2, 9, 140.000, 5.000, 270.000, 0, 3),
(75, 5, 17, 96.000, 6.000, 450.000, 0, 3),
(76, 1, 20, 75.000, 0.000, 75.000, 0, 3),
(77, 1, 25, 45.000, 0.000, 45.000, 0, 1),
(78, 1, 21, 50.000, 0.000, 50.000, 0, 1),
(79, 1, 26, 68.000, 0.000, 68.000, 0, 1),
(80, 2, 26, 68.000, 0.000, 136.000, 0, 3),
(81, 1, 2, 76.000, 0.000, 76.000, 0, 3),
(82, 1, 24, 32.000, 0.000, 32.000, 0, 3),
(83, 2, 17, 96.000, 6.000, 180.000, 0, 3),
(84, 1, 29, 40.000, 0.000, 40.000, 0, 1),
(85, 1, 30, 40.000, 0.000, 40.000, 0, 1),
(86, 4, 21, 50.000, 0.000, 200.000, 0, 5),
(87, 1, 25, 45.000, 0.000, 45.000, 0, 5),
(88, 1, 21, 50.000, 0.000, 50.000, 0, 6),
(89, 1, 25, 45.000, 0.000, 45.000, 0, 6),
(90, 1, 30, 40.000, 0.000, 40.000, 0, 3),
(91, 5, 22, 40.000, 10.000, 150.000, 0, 1),
(92, 5, 21, 50.000, 0.000, 250.000, 0, 1),
(93, 1, 22, 40.000, 10.000, 30.000, 0, 1),
(94, 5, 21, 50.000, 0.000, 250.000, 0, 3),
(95, 5, 22, 40.000, 10.000, 150.000, 0, 3),
(96, 10, 9, 140.000, 5.000, 1350.000, 0, 6),
(97, 5, 17, 96.000, 6.000, 450.000, 0, 6),
(98, 5, 7, 106.000, 1.000, 525.000, 0, 6),
(99, 5, 10, 205.000, 0.000, 1025.000, 0, 6),
(100, 4, 16, 43.000, 0.000, 172.000, 0, 3),
(101, 5, 21, 50.000, 0.000, 250.000, 0, 3),
(102, 3, 9, 140.000, 5.000, 405.000, 0, 3),
(103, 1, 26, 68.000, 0.000, 68.000, 0, 3),
(104, 2, 29, 40.000, 0.000, 80.000, 0, 3),
(105, 3, 30, 40.000, 0.000, 120.000, 0, 3),
(106, 2, 24, 32.000, 0.000, 64.000, 0, 3),
(107, 2, 2, 76.000, 0.000, 152.000, 0, 3),
(108, 3, 26, 68.000, 0.000, 204.000, 0, 3),
(109, 3, 25, 45.000, 0.000, 135.000, 0, 3),
(110, 2, 21, 50.000, 0.000, 100.000, 0, 3),
(111, 2, 16, 43.000, 0.000, 86.000, 0, 3),
(112, 1, 5, 76.000, 0.000, 76.000, 0, 3),
(113, 2, 29, 40.000, 0.000, 80.000, 0, 3),
(114, 3, 30, 40.000, 0.000, 120.000, 0, 3),
(115, 2, 24, 32.000, 0.000, 64.000, 0, 3),
(116, 2, 2, 76.000, 0.000, 152.000, 0, 3),
(117, 3, 26, 68.000, 0.000, 204.000, 0, 3),
(118, 3, 25, 45.000, 0.000, 135.000, 0, 3),
(119, 2, 21, 50.000, 0.000, 100.000, 0, 3),
(120, 2, 16, 43.000, 0.000, 86.000, 0, 3),
(121, 1, 5, 76.000, 0.000, 76.000, 0, 3),
(122, 2, 9, 140.000, 5.000, 270.000, 0, 36),
(123, 2, 5, 76.000, 0.000, 152.000, 0, 3),
(124, 2, 20, 75.000, 0.000, 150.000, 0, 3),
(125, 10, 21, 50.000, 0.000, 500.000, 0, 7),
(126, 1, 23, 46.000, 0.000, 46.000, 0, 7),
(127, 20, 21, 50.000, 0.000, 1000.000, 0, 8),
(128, 1, 29, 40.000, 0.000, 40.000, 0, 8),
(129, 1, 30, 40.000, 0.000, 40.000, 0, 8),
(130, 1, 4, 105.000, 0.000, 105.000, 0, 8),
(131, 1, 18, 117.000, 0.000, 117.000, 0, 9),
(132, 1, 2, 76.000, 0.000, 76.000, 0, 9),
(133, 2, 25, 45.000, 0.000, 90.000, 0, 9),
(134, 1, 25, 45.000, 0.000, 45.000, 0, 10),
(135, 1, 28, 50.000, 0.000, 50.000, 0, 10),
(136, 10, 21, 50.000, 0.000, 500.000, 0, 10),
(137, 2, 20, 75.000, 0.000, 150.000, 0, 3),
(138, 10, 17, 96.000, 7.500, 885.000, 0, 3),
(139, 2, 20, 75.000, 0.000, 150.000, 0, 3),
(140, 2, 19, 128.000, 1.000, 254.000, 0, 6),
(141, 1, 22, 40.000, 10.000, 30.000, 0, 6),
(142, 2, 17, 96.000, 6.000, 180.000, 0, 6),
(143, 1, 10, 205.000, 0.000, 205.000, 0, 2),
(144, 1, 5, 76.000, 0.000, 76.000, 0, 2),
(145, 1, 9, 140.000, 5.000, 135.000, 0, 2),
(146, 1, 9, 140.000, 5.000, 135.000, 0, 3),
(147, 1, 17, 96.000, 6.000, 90.000, 0, 3),
(148, 1, 20, 75.000, 0.000, 75.000, 0, 3),
(149, 4, 19, 128.000, 1.000, 508.000, 0, 3),
(150, 1, 21, 50.000, 0.000, 50.000, 0, 3),
(151, 1, 26, 68.000, 0.000, 68.000, 0, 1),
(152, 3, 21, 50.000, 0.000, 150.000, 0, 1),
(153, 1, 26, 68.000, 0.000, 68.000, 0, 1),
(154, 3, 21, 50.000, 0.000, 150.000, 0, 1),
(155, 1, 26, 68.000, 0.000, 68.000, 0, 1),
(156, 1, 26, 68.000, 0.000, 68.000, 0, 12),
(157, 3, 21, 50.000, 0.000, 150.000, 0, 12),
(158, 13, 19, 128.000, 0.000, 1664.000, 0, 11),
(159, 3, 9, 140.000, 5.000, 405.000, 0, 3),
(160, 1, 17, 96.000, 6.000, 90.000, 0, 3),
(161, 1, 14, 175.000, 0.000, 175.000, 0, 3),
(162, 2, 19, 128.000, 1.000, 254.000, 0, 3),
(163, 1, 5, 76.000, 0.000, 76.000, 0, 3),
(164, 1, 5, 76.000, 0.000, 76.000, 0, 3),
(165, 1, 9, 140.000, 5.000, 135.000, 0, 3),
(166, 1, 17, 96.000, 6.000, 90.000, 0, 3),
(167, 4, 21, 50.000, 0.000, 200.000, 0, 3),
(168, 3, 21, 50.000, 0.000, 150.000, 0, 3),
(169, 1, 26, 68.000, 0.000, 68.000, 0, 3),
(170, 1, 29, 40.000, 0.000, 40.000, 0, 3),
(171, 1, 30, 40.000, 0.000, 40.000, 0, 3),
(172, 1, 21, 50.000, 0.000, 50.000, 0, 3),
(173, 1, 26, 68.000, 0.000, 68.000, 0, 3),
(174, 5, 21, 50.000, 0.000, 250.000, 0, 2),
(175, 1, 10, 205.000, 0.000, 205.000, 0, 2),
(176, 2, 9, 140.000, 5.000, 270.000, 0, 2),
(177, 1, 21, 50.000, 0.000, 50.000, 0, 2),
(178, 1, 24, 32.000, 0.000, 32.000, 0, 2),
(179, 4, 16, 43.000, 0.000, 172.000, 0, 6),
(180, 1, 25, 45.000, 0.000, 45.000, 0, 6),
(181, 1, 26, 68.000, 0.000, 68.000, 0, 6),
(182, 1, 4, 105.000, 0.000, 105.000, 0, 1),
(183, 3, 16, 43.000, 0.000, 129.000, 0, 3),
(184, 1, 24, 32.000, 0.000, 32.000, 0, 3),
(185, 2, 21, 50.000, 0.000, 100.000, 0, 3),
(186, 1, 4, 105.000, 0.000, 105.000, 0, 3),
(187, 1, 21, 50.000, 0.000, 50.000, 0, 3),
(188, 4, 21, 50.000, 0.000, 200.000, 0, 3),
(189, 2, 26, 68.000, 0.000, 136.000, 0, 3),
(190, 1, 10, 205.000, 0.000, 205.000, 0, 6),
(191, 1, 10, 205.000, 0.000, 205.000, 0, 6),
(192, 1, 10, 205.000, 0.000, 205.000, 0, 64),
(193, 1, 11, 205.000, 5.000, 200.000, 0, 64),
(194, 1, 17, 96.000, 6.000, 90.000, 0, 64),
(195, 1, 10, 205.000, 0.000, 205.000, 0, 1),
(196, 1, 11, 205.000, 5.000, 200.000, 0, 1),
(197, 1, 17, 96.000, 6.000, 90.000, 0, 1),
(198, 1, 20, 75.000, 0.000, 75.000, 0, 3),
(199, 1, 21, 50.000, 0.000, 50.000, 0, 3),
(200, 1, 2, 76.000, 0.000, 76.000, 0, 3),
(201, 1, 27, 30.000, 0.000, 30.000, 0, 3),
(202, 10, 19, 128.000, 1.000, 1270.000, 0, 4),
(203, 5, 29, 40.000, 0.000, 200.000, 0, 1),
(204, 5, 30, 40.000, 0.000, 200.000, 0, 1),
(205, 2, 29, 40.000, 0.000, 80.000, 0, 1),
(206, 3, 30, 40.000, 0.000, 120.000, 0, 1),
(207, 2, 27, 30.000, 0.000, 60.000, 0, 6),
(208, 1, 23, 46.000, 0.000, 46.000, 0, 6),
(209, 4, 14, 175.000, 0.000, 700.000, 0, 1),
(210, 5, 2, 76.000, 0.000, 380.000, 0, 1),
(211, 1, 5, 76.000, 0.000, 76.000, 0, 1),
(212, 1, 21, 50.000, 0.000, 50.000, 0, 1),
(213, 2, 21, 50.000, 0.000, 100.000, 0, 1),
(214, 1, 29, 40.000, 0.000, 40.000, 0, 1),
(215, 1, 30, 40.000, 0.000, 40.000, 0, 1),
(216, 1, 27, 30.000, 0.000, 30.000, 0, 3),
(217, 1, 24, 32.000, 2.000, 30.000, 0, 1),
(218, 1, 27, 30.000, 0.000, 30.000, 0, 1),
(219, 1, 23, 46.000, 0.000, 46.000, 0, 1),
(220, 1, 17, 96.000, 6.000, 90.000, 0, 1),
(221, 1, 24, 32.000, 0.000, 32.000, 0, 1),
(222, 1, 9, 140.000, 5.000, 135.000, 0, 1),
(223, 4, 21, 50.000, 0.000, 200.000, 0, 3),
(224, 2, 24, 32.000, 2.000, 60.000, 0, 3),
(225, 3, 5, 76.000, 0.000, 228.000, 0, 3),
(226, 5, 21, 50.000, 0.000, 250.000, 0, 3),
(227, 5, 21, 50.000, 0.000, 250.000, 0, 15),
(228, 1, 25, 45.000, 0.000, 45.000, 0, 15),
(229, 1, 28, 50.000, 0.000, 50.000, 0, 15),
(230, 2, 30, 40.000, 0.000, 80.000, 0, 15),
(231, 1, 29, 40.000, 0.000, 40.000, 0, 15),
(232, 30, 19, 128.000, 0.000, 3840.000, 0, 16),
(233, 5, 10, 205.000, 0.000, 1025.000, 0, 16),
(234, 7, 17, 96.000, 0.000, 672.000, 0, 16),
(235, 30, 21, 50.000, 0.000, 1500.000, 0, 17),
(236, 1, 29, 40.000, 0.000, 40.000, 0, 18),
(237, 1, 30, 40.000, 0.000, 40.000, 0, 18),
(238, 2, 31, 46.000, 0.000, 92.000, 0, 18),
(239, 1, 23, 46.000, 0.000, 46.000, 0, 19),
(240, 1, 31, 46.000, 0.000, 46.000, 0, 19),
(241, 1, 31, 46.000, 0.000, 46.000, 0, 20),
(242, 20, 21, 50.000, 0.000, 1000.000, 0, 21),
(243, 3, 23, 46.000, 0.000, 138.000, 0, 21),
(244, 2, 24, 32.000, 0.000, 64.000, 0, 21),
(245, 2, 31, 46.000, 0.000, 92.000, 0, 21),
(246, 10, 17, 96.000, 0.000, 960.000, 0, 21),
(247, 2, 2, 76.000, 0.000, 152.000, 0, 21),
(248, 1, 4, 105.000, 0.000, 105.000, 0, 21),
(249, 2, 12, 205.000, 0.000, 410.000, 0, 21),
(250, 5, 16, 43.000, 0.000, 215.000, 0, 21),
(251, 10, 30, 40.000, 2.000, 380.000, 0, 22),
(252, 15, 29, 40.000, 2.000, 570.000, 0, 22),
(253, 10, 4, 105.000, 2.000, 1030.000, 0, 22),
(254, 20, 2, 76.000, 2.000, 1480.000, 0, 22),
(255, 10, 27, 30.000, 2.000, 280.000, 0, 22),
(256, 10, 30, 40.000, 2.000, 380.000, 0, 23),
(257, 15, 29, 40.000, 2.000, 570.000, 0, 23),
(258, 10, 4, 105.000, 2.000, 1030.000, 0, 23),
(259, 20, 2, 76.000, 2.000, 1480.000, 0, 23),
(260, 10, 27, 30.000, 2.000, 280.000, 0, 23),
(261, 10, 30, 40.000, 2.000, 380.000, 0, 23),
(262, 15, 29, 40.000, 2.000, 570.000, 0, 23),
(263, 10, 4, 105.000, 2.000, 1030.000, 0, 23),
(264, 20, 2, 76.000, 2.000, 1480.000, 0, 23),
(265, 10, 27, 30.000, 2.000, 280.000, 0, 23),
(266, 20, 2, 76.000, 2.000, 1480.000, 0, 23),
(267, 10, 4, 105.000, 2.000, 1030.000, 0, 23),
(268, 15, 29, 40.000, 2.000, 570.000, 0, 23),
(269, 10, 30, 40.000, 2.000, 380.000, 0, 23),
(270, 40, 19, 128.000, 0.000, 5120.000, 0, 22),
(271, 1, 22, 40.000, 7.000, 33.000, 0, 24),
(272, 15, 21, 50.000, 0.000, 750.000, 0, 24),
(273, 1, 23, 46.000, 0.000, 46.000, 0, 24),
(274, 1, 24, 32.000, 0.000, 32.000, 0, 24),
(275, 50, 22, 40.000, 10.000, 1500.000, 0, 25),
(276, 20, 22, 40.000, 10.000, 600.000, 0, 26),
(277, 6, 21, 50.000, 0.000, 300.000, 0, 27),
(278, 2, 25, 45.000, 0.000, 90.000, 0, 27),
(279, 10, 21, 50.000, 0.000, 500.000, 0, 28),
(280, 1, 23, 46.000, 0.000, 46.000, 0, 28),
(281, 20, 21, 50.000, 0.000, 1000.000, 0, 29),
(282, 5, 27, 30.000, 0.000, 150.000, 0, 29),
(283, 20, 21, 50.000, 0.000, 1000.000, 0, 29),
(284, 2, 31, 46.000, 0.000, 92.000, 0, 29),
(285, 5, 9, 140.000, 5.000, 675.000, 0, 29),
(286, 5, 17, 96.000, 6.000, 450.000, 0, 29),
(287, 3, 10, 205.000, 0.000, 615.000, 0, 29),
(288, 2, 29, 40.000, 0.000, 80.000, 0, 29),
(289, 2, 30, 40.000, 0.000, 80.000, 0, 29),
(290, 1, 11, 205.000, 0.000, 205.000, 0, 29),
(291, 1, 4, 105.000, 0.000, 105.000, 0, 29),
(292, 10, 21, 50.000, 2.000, 480.000, 0, 3),
(293, 10, 21, 50.000, 2.000, 480.000, 0, 3),
(294, 10, 21, 50.000, 2.000, 480.000, 0, 1),
(295, 10, 21, 50.000, 2.000, 480.000, 0, 1),
(296, 6, 21, 50.000, 1.000, 294.000, 0, 12),
(297, 10, 21, 50.000, 2.000, 480.000, 0, 1),
(298, 2, 23, 46.000, 0.000, 92.000, 0, 1),
(299, 20, 21, 50.000, 2.000, 960.000, 0, 2),
(300, 19, 21, 50.000, 2.000, 912.000, 0, 1),
(301, 10, 21, 50.000, 2.000, 480.000, 0, 1),
(302, 10, 21, 50.000, 2.000, 480.000, 0, 1),
(303, 10, 21, 50.000, 2.000, 480.000, 0, 1),
(304, 10, 21, 50.000, 2.000, 480.000, 0, 1),
(305, 5, 21, 50.000, 1.000, 245.000, 0, 1),
(306, 17, 4, 105.000, 0.000, 1785.000, 0, 100),
(307, 101, 5, 76.000, 0.000, 7676.000, 0, 100),
(308, 62, 6, 95.000, 0.000, 5890.000, 0, 100),
(309, 987, 7, 106.000, 0.000, 104622.000, 0, 100),
(310, 391, 9, 140.000, 0.000, 54740.000, 0, 100),
(311, 25, 10, 205.000, 0.000, 5125.000, 0, 100),
(312, 8, 12, 205.000, 0.000, 1640.000, 0, 100),
(313, 2, 13, 203.000, 0.000, 406.000, 0, 100),
(314, 2, 14, 175.000, 0.000, 350.000, 0, 100),
(315, 3, 15, 140.000, 0.000, 420.000, 0, 100),
(316, 269, 16, 43.000, 0.000, 11567.000, 0, 100),
(317, 317, 17, 96.000, 0.000, 30432.000, 0, 100),
(318, 117, 19, 128.000, 0.000, 14976.000, 0, 100),
(319, 21, 22, 40.000, 0.000, 840.000, 0, 100),
(320, 17, 4, 105.000, 0.000, 1785.000, 0, 100),
(321, 101, 5, 76.000, 0.000, 7676.000, 0, 100),
(322, 62, 6, 95.000, 0.000, 5890.000, 0, 100),
(323, 10, 21, 50.000, 0.000, 500.000, 0, 1),
(324, 4, 21, 50.000, 0.000, 200.000, 0, 1),
(325, 5, 9, 140.000, 5.000, 675.000, 0, 1),
(326, 1, 25, 45.000, 0.000, 45.000, 0, 1),
(327, 1, 28, 50.000, 0.000, 50.000, 0, 1),
(328, 1, 31, 46.000, 0.000, 46.000, 0, 1),
(329, 2, 32, 47.000, 0.000, 94.000, 0, 1),
(330, 1, 27, 30.000, 0.000, 30.000, 0, 1),
(331, 1, 31, 46.000, 0.000, 46.000, 0, 1),
(332, 2, 32, 47.000, 0.000, 94.000, 0, 1),
(333, 1, 27, 30.000, 0.000, 30.000, 0, 1),
(334, 1, 31, 46.000, 0.000, 46.000, 0, 2),
(335, 2, 32, 47.000, 0.000, 94.000, 0, 2),
(336, 1, 27, 30.000, 0.000, 30.000, 0, 2),
(337, 1, 31, 46.000, 0.000, 46.000, 0, 12),
(338, 2, 32, 47.000, 0.000, 94.000, 0, 12),
(339, 1, 27, 30.000, 0.000, 30.000, 0, 12),
(340, 1, 31, 46.000, 0.000, 46.000, 0, 12),
(341, 2, 32, 47.000, 0.000, 94.000, 0, 12),
(342, 1, 27, 30.000, 0.000, 30.000, 0, 12),
(343, 1, 27, 30.000, 0.000, 30.000, 0, 1),
(344, 1, 27, 30.000, 0.000, 30.000, 0, 1),
(345, 1, 27, 30.000, 0.000, 30.000, 0, 1436464),
(346, 1, 27, 30.000, 0.000, 30.000, 0, 1436464),
(347, 15, 19, 128.000, 0.000, 1920.000, 0, 1),
(348, 15, 19, 128.000, 0.000, 1920.000, 0, 1),
(349, 12, 31, 46.000, 0.000, 552.000, 0, 1),
(350, 2, 32, 47.000, 0.000, 94.000, 0, 1),
(351, 1, 31, 46.000, 0.000, 46.000, 0, 1),
(352, 1, 27, 30.000, 0.000, 30.000, 0, 1),
(353, 2, 32, 47.000, 0.000, 94.000, 0, 1),
(354, 1, 31, 46.000, 0.000, 46.000, 0, 1),
(355, 1, 27, 30.000, 0.000, 30.000, 0, 1),
(356, 2, 32, 47.000, 0.000, 94.000, 0, 12),
(357, 1, 31, 46.000, 0.000, 46.000, 0, 12),
(358, 1, 27, 30.000, 0.000, 30.000, 0, 12),
(359, 2, 32, 47.000, 0.000, 94.000, 0, 12),
(360, 1, 31, 46.000, 0.000, 46.000, 0, 12),
(361, 1, 27, 30.000, 0.000, 30.000, 0, 12),
(362, 2, 32, 47.000, 0.000, 94.000, 0, 12),
(363, 1, 31, 46.000, 0.000, 46.000, 0, 12),
(364, 1, 27, 30.000, 0.000, 30.000, 0, 12),
(365, 2, 32, 47.000, 0.000, 94.000, 0, 12),
(366, 1, 31, 46.000, 0.000, 46.000, 0, 12),
(367, 1, 27, 30.000, 0.000, 30.000, 0, 12),
(368, 2, 32, 47.000, 0.000, 94.000, 0, 12),
(369, 2, 32, 47.000, 0.000, 94.000, 0, 12),
(370, 1, 31, 46.000, 0.000, 46.000, 0, 12),
(371, 1, 27, 30.000, 0.000, 30.000, 0, 12),
(372, 2, 32, 47.000, 0.000, 94.000, 0, 12),
(373, 1, 31, 46.000, 0.000, 46.000, 0, 12),
(374, 1, 27, 30.000, 0.000, 30.000, 0, 12),
(375, 2, 32, 47.000, 0.000, 94.000, 0, 12),
(376, 1, 31, 46.000, 0.000, 46.000, 0, 12),
(377, 1, 27, 30.000, 0.000, 30.000, 0, 12),
(378, 2, 32, 47.000, 0.000, 94.000, 0, 12),
(379, 1, 31, 46.000, 0.000, 46.000, 0, 12),
(380, 1, 27, 30.000, 0.000, 30.000, 0, 12),
(381, 2, 32, 47.000, 0.000, 94.000, 0, 12),
(382, 1, 31, 46.000, 0.000, 46.000, 0, 12),
(383, 1, 27, 30.000, 0.000, 30.000, 0, 12),
(384, 2, 32, 47.000, 0.000, 94.000, 0, 12),
(385, 1, 31, 46.000, 0.000, 46.000, 0, 12),
(386, 1, 27, 30.000, 0.000, 30.000, 0, 12),
(387, 2, 32, 47.000, 0.000, 94.000, 0, 12),
(388, 1, 31, 46.000, 0.000, 46.000, 0, 12),
(389, 1, 27, 30.000, 0.000, 30.000, 0, 12),
(390, 2, 32, 47.000, 0.000, 94.000, 0, 12),
(391, 1, 31, 46.000, 0.000, 46.000, 0, 12),
(392, 1, 27, 30.000, 0.000, 30.000, 0, 12),
(393, 2, 32, 47.000, 0.000, 94.000, 0, 12),
(394, 1, 31, 46.000, 0.000, 46.000, 0, 12),
(395, 1, 27, 30.000, 0.000, 30.000, 0, 12),
(396, 2, 32, 47.000, 0.000, 94.000, 0, 12),
(397, 1, 31, 46.000, 0.000, 46.000, 0, 12),
(398, 1, 27, 30.000, 0.000, 30.000, 0, 12),
(399, 2, 32, 47.000, 0.000, 94.000, 0, 12),
(400, 1, 31, 46.000, 0.000, 46.000, 0, 12),
(401, 1, 27, 30.000, 0.000, 30.000, 0, 12),
(402, 2, 32, 47.000, 0.000, 94.000, 0, 12),
(403, 1, 31, 46.000, 0.000, 46.000, 0, 12),
(404, 1, 27, 30.000, 0.000, 30.000, 0, 12),
(405, 2, 32, 47.000, 0.000, 94.000, 0, 12),
(406, 1, 31, 46.000, 0.000, 46.000, 0, 12),
(407, 1, 27, 30.000, 0.000, 30.000, 0, 12),
(408, 2, 32, 47.000, 0.000, 94.000, 0, 12),
(409, 1, 31, 46.000, 0.000, 46.000, 0, 12),
(410, 1, 27, 30.000, 0.000, 30.000, 0, 12),
(411, 2, 32, 47.000, 0.000, 94.000, 0, 12),
(412, 1, 31, 46.000, 0.000, 46.000, 0, 12),
(413, 1, 27, 30.000, 0.000, 30.000, 0, 12),
(414, 2, 32, 47.000, 0.000, 94.000, 0, 12),
(415, 1, 31, 46.000, 0.000, 46.000, 0, 12),
(416, 1, 27, 30.000, 0.000, 30.000, 0, 12),
(417, 2, 32, 47.000, 0.000, 94.000, 0, 12),
(418, 1, 31, 46.000, 0.000, 46.000, 0, 12),
(419, 1, 27, 30.000, 0.000, 30.000, 0, 12),
(420, 2, 32, 47.000, 0.000, 94.000, 0, 12),
(421, 1, 31, 46.000, 0.000, 46.000, 0, 12),
(422, 1, 27, 30.000, 0.000, 30.000, 0, 12),
(423, 2, 32, 47.000, 0.000, 94.000, 0, 12),
(424, 1, 31, 46.000, 0.000, 46.000, 0, 12),
(425, 1, 27, 30.000, 0.000, 30.000, 0, 12),
(426, 2, 32, 47.000, 0.000, 94.000, 0, 12),
(427, 1, 31, 46.000, 0.000, 46.000, 0, 12),
(428, 1, 27, 30.000, 0.000, 30.000, 0, 12),
(429, 2, 32, 47.000, 0.000, 94.000, 0, 12),
(430, 1, 31, 46.000, 0.000, 46.000, 0, 12),
(431, 1, 27, 30.000, 0.000, 30.000, 0, 12),
(432, 2, 32, 47.000, 0.000, 94.000, 0, 12),
(433, 1, 31, 46.000, 0.000, 46.000, 0, 12),
(434, 1, 27, 30.000, 0.000, 30.000, 0, 12),
(435, 2, 32, 47.000, 0.000, 94.000, 0, 12),
(436, 1, 31, 46.000, 0.000, 46.000, 0, 12),
(437, 1, 27, 30.000, 0.000, 30.000, 0, 12),
(438, 2, 32, 47.000, 0.000, 94.000, 0, 12),
(439, 1, 31, 46.000, 0.000, 46.000, 0, 12),
(440, 1, 27, 30.000, 0.000, 30.000, 0, 12),
(441, 2, 32, 47.000, 0.000, 94.000, 0, 12),
(442, 1, 31, 46.000, 0.000, 46.000, 0, 12),
(443, 1, 27, 30.000, 0.000, 30.000, 0, 12),
(444, 2, 32, 47.000, 0.000, 94.000, 0, 12),
(445, 1, 31, 46.000, 0.000, 46.000, 0, 12),
(446, 1, 27, 30.000, 0.000, 30.000, 0, 12),
(447, 2, 32, 47.000, 0.000, 94.000, 0, 12),
(448, 1, 31, 46.000, 0.000, 46.000, 0, 12),
(449, 1, 27, 30.000, 0.000, 30.000, 0, 12),
(450, 2, 32, 47.000, 0.000, 94.000, 0, 12),
(451, 1, 31, 46.000, 0.000, 46.000, 0, 12),
(452, 1, 27, 30.000, 0.000, 30.000, 0, 12),
(453, 2, 32, 47.000, 0.000, 94.000, 0, 12),
(454, 1, 31, 46.000, 0.000, 46.000, 0, 12),
(455, 1, 27, 30.000, 0.000, 30.000, 0, 12),
(456, 2, 32, 47.000, 0.000, 94.000, 0, 12),
(457, 1, 31, 46.000, 0.000, 46.000, 0, 12),
(458, 1, 27, 30.000, 0.000, 30.000, 0, 12),
(459, 2, 32, 47.000, 0.000, 94.000, 0, 12),
(460, 1, 31, 46.000, 0.000, 46.000, 0, 12),
(461, 1, 27, 30.000, 0.000, 30.000, 0, 12),
(462, 2, 32, 47.000, 0.000, 94.000, 0, 12),
(463, 1, 31, 46.000, 0.000, 46.000, 0, 12),
(464, 1, 27, 30.000, 0.000, 30.000, 0, 12),
(465, 2, 32, 47.000, 0.000, 94.000, 0, 12),
(466, 1, 31, 46.000, 0.000, 46.000, 0, 12),
(467, 1, 27, 30.000, 0.000, 30.000, 0, 12),
(468, 2, 32, 47.000, 0.000, 94.000, 0, 12),
(469, 1, 31, 46.000, 0.000, 46.000, 0, 12),
(470, 1, 27, 30.000, 0.000, 30.000, 0, 12),
(471, 2, 32, 47.000, 0.000, 94.000, 0, 12),
(472, 1, 31, 46.000, 0.000, 46.000, 0, 12),
(473, 1, 27, 30.000, 0.000, 30.000, 0, 12),
(474, 2, 32, 47.000, 0.000, 94.000, 0, 12),
(475, 2, 32, 47.000, 0.000, 94.000, 0, 12),
(476, 1, 31, 46.000, 0.000, 46.000, 0, 12),
(477, 1, 27, 30.000, 0.000, 30.000, 0, 12),
(478, 2, 32, 47.000, 0.000, 94.000, 0, 12),
(479, 1, 31, 46.000, 0.000, 46.000, 0, 12),
(480, 1, 27, 30.000, 0.000, 30.000, 0, 12),
(481, 2, 32, 47.000, 0.000, 94.000, 0, 12),
(482, 1, 31, 46.000, 0.000, 46.000, 0, 12),
(483, 1, 27, 30.000, 0.000, 30.000, 0, 12),
(484, 2, 32, 47.000, 0.000, 94.000, 0, 12),
(485, 1, 31, 46.000, 0.000, 46.000, 0, 12),
(486, 1, 27, 30.000, 0.000, 30.000, 0, 12),
(487, 2, 32, 47.000, 0.000, 94.000, 0, 12),
(488, 1, 31, 46.000, 0.000, 46.000, 0, 12),
(489, 1, 27, 30.000, 0.000, 30.000, 0, 12),
(490, 2, 32, 47.000, 0.000, 94.000, 0, 12),
(491, 1, 31, 46.000, 0.000, 46.000, 0, 12),
(492, 1, 27, 30.000, 0.000, 30.000, 0, 12),
(493, 2, 32, 47.000, 0.000, 94.000, 0, 12),
(494, 1, 31, 46.000, 0.000, 46.000, 0, 12),
(495, 1, 27, 30.000, 0.000, 30.000, 0, 12),
(496, 2, 32, 47.000, 0.000, 94.000, 0, 12),
(497, 1, 31, 46.000, 0.000, 46.000, 0, 12),
(498, 1, 27, 30.000, 0.000, 30.000, 0, 12),
(499, 2, 32, 47.000, 0.000, 94.000, 0, 12),
(500, 1, 31, 46.000, 0.000, 46.000, 0, 12),
(501, 1, 27, 30.000, 0.000, 30.000, 0, 12),
(502, 2, 32, 47.000, 0.000, 94.000, 0, 12),
(503, 1, 31, 46.000, 0.000, 46.000, 0, 12),
(504, 1, 27, 30.000, 0.000, 30.000, 0, 12),
(505, 200, 21, 50.000, 2.000, 9600.000, 0, 30),
(506, 2, 21, 50.000, 0.000, 100.000, 0, 3),
(507, 2, 31, 46.000, 0.000, 92.000, 0, 3),
(508, 1, 27, 30.000, 0.000, 30.000, 0, 3),
(509, 2, 21, 50.000, 0.000, 100.000, 0, 3),
(510, 2, 31, 46.000, 0.000, 92.000, 0, 3),
(511, 1, 27, 30.000, 0.000, 30.000, 0, 3),
(512, 2, 21, 50.000, 0.000, 100.000, 0, 1),
(513, 2, 31, 46.000, 0.000, 92.000, 0, 1),
(514, 1, 27, 30.000, 0.000, 30.000, 0, 1),
(515, 2, 21, 50.000, 0.000, 100.000, 0, 1),
(516, 2, 31, 46.000, 0.000, 92.000, 0, 1),
(517, 1, 27, 30.000, 0.000, 30.000, 0, 1),
(518, 2, 21, 50.000, 0.000, 100.000, 0, 1),
(519, 2, 31, 46.000, 0.000, 92.000, 0, 1),
(520, 1, 27, 30.000, 0.000, 30.000, 0, 1),
(521, 2, 21, 50.000, 0.000, 100.000, 0, 13),
(522, 2, 31, 46.000, 0.000, 92.000, 0, 13),
(523, 1, 27, 30.000, 0.000, 30.000, 0, 13),
(524, 2, 21, 50.000, 0.000, 100.000, 0, 13),
(525, 2, 31, 46.000, 0.000, 92.000, 0, 13),
(526, 1, 27, 30.000, 0.000, 30.000, 0, 13),
(527, 2, 21, 50.000, 0.000, 100.000, 0, 13),
(528, 2, 31, 46.000, 0.000, 92.000, 0, 13),
(529, 1, 27, 30.000, 0.000, 30.000, 0, 13),
(530, 2, 21, 50.000, 0.000, 100.000, 0, 1),
(531, 2, 31, 46.000, 0.000, 92.000, 0, 1),
(532, 1, 27, 30.000, 0.000, 30.000, 0, 1),
(533, 2, 21, 50.000, 0.000, 100.000, 0, 1),
(534, 2, 31, 46.000, 0.000, 92.000, 0, 1),
(535, 1, 27, 30.000, 0.000, 30.000, 0, 1),
(536, 2, 21, 50.000, 0.000, 100.000, 0, 1),
(537, 2, 31, 46.000, 0.000, 92.000, 0, 1),
(538, 1, 27, 30.000, 0.000, 30.000, 0, 1),
(539, 1, 5, 76.000, 0.000, 76.000, 0, 1),
(540, 3, 17, 96.000, 6.000, 270.000, 0, 1),
(541, 1, 29, 40.000, 0.000, 40.000, 0, 1),
(542, 1, 30, 40.000, 0.000, 40.000, 0, 1),
(543, 1, 2, 76.000, 0.000, 76.000, 0, 1),
(544, 1, 10, 205.000, 0.000, 205.000, 0, 1),
(545, 1, 23, 46.000, 0.000, 46.000, 0, 1),
(546, 1, 24, 32.000, 0.000, 32.000, 0, 1),
(547, 1, 32, 47.000, 0.000, 47.000, 0, 1),
(548, 1, 32, 47.000, 0.000, 47.000, 0, 1),
(549, 1, 27, 30.000, 0.000, 30.000, 0, 1),
(550, 1, 21, 50.000, 0.000, 50.000, 0, 1),
(551, 1, 28, 50.000, 0.000, 50.000, 0, 1),
(552, 1, 24, 32.000, 0.000, 32.000, 0, 1),
(553, 1, 27, 30.000, 0.000, 30.000, 0, 1),
(554, 1, 24, 32.000, 0.000, 32.000, 0, 1),
(555, 1, 21, 50.000, 0.000, 50.000, 0, 1),
(556, 1, 22, 40.000, 10.000, 30.000, 0, 1),
(557, 1, 29, 40.000, 0.000, 40.000, 0, 1),
(558, 1, 30, 40.000, 0.000, 40.000, 0, 1),
(559, 1, 27, 30.000, 0.000, 30.000, 0, 1),
(560, 1, 27, 30.000, 0.000, 30.000, 0, 1),
(561, 5, 21, 50.000, 0.000, 250.000, 0, 1),
(562, 1, 32, 47.000, 0.000, 47.000, 0, 1),
(563, 1, 23, 46.000, 0.000, 46.000, 0, 1),
(564, 1, 25, 45.000, 0.000, 45.000, 0, 1),
(565, 1, 28, 50.000, 0.000, 50.000, 0, 1),
(566, 1, 23, 46.000, 0.000, 46.000, 0, 1),
(567, 1, 21, 50.000, 0.000, 50.000, 0, 1),
(568, 1, 2, 76.000, 0.000, 76.000, 0, 1),
(569, 1, 21, 50.000, 0.000, 50.000, 0, 1),
(570, 1, 30, 40.000, 0.000, 40.000, 0, 1),
(571, 1, 9, 140.000, 5.000, 135.000, 0, 1),
(572, 1, 24, 32.000, 2.000, 30.000, 0, 1),
(573, 1, 27, 30.000, 0.000, 30.000, 0, 1),
(574, 1, 29, 40.000, 0.000, 40.000, 0, 1),
(575, 1, 30, 40.000, 0.000, 40.000, 0, 1),
(576, 4, 19, 128.000, 0.000, 512.000, 0, 1),
(577, 2, 21, 50.000, 0.000, 100.000, 0, 1),
(578, 1, 27, 30.000, 0.000, 30.000, 0, 1),
(579, 20, 17, 96.000, 9.000, 1740.000, 0, 1),
(580, 20, 17, 96.000, 9.000, 1740.000, 0, 2),
(581, 3, 16, 43.000, 13.000, 90.000, 0, 3),
(582, 3, 17, 96.000, 8.000, 264.000, 0, 3),
(583, 1, 10, 205.000, 0.000, 205.000, 0, 3),
(584, 100, 6, 110.000, 0.000, 13000.000, 0, 101112),
(585, 100, 29, 110.000, 0.000, 12000.000, 0, 101112),
(586, 100, 4, 110.000, 0.000, 8000.000, 0, 101112),
(587, 50, 12, 100.000, 0.000, 5000.000, 0, 111213),
(588, 150, 27, 100.000, 0.000, 15000.000, 0, 111213),
(589, 140, 24, 100.000, 0.000, 14000.000, 0, 111213),
(590, 70, 31, 100.000, 0.000, 7000.000, 0, 121314),
(591, 80, 11, 100.000, 0.000, 8000.000, 0, 121314);

-- --------------------------------------------------------

--
-- Estructura de tabla para la tabla `Editar_venta`
--

CREATE TABLE `Editar_venta` (
  `id_ed_venta` int(11) NOT NULL,
  `id_venta` int(11) NOT NULL,
  `id_vendedor` int(11) NOT NULL,
  `descripcion` varchar(250) COLLATE utf8_spanish_ci NOT NULL,
  `estado` varchar(20) COLLATE utf8_spanish_ci NOT NULL
) ENGINE=InnoDB DEFAULT CHARSET=utf8 COLLATE=utf8_spanish_ci;

-- --------------------------------------------------------

--
-- Estructura de tabla para la tabla `Inventario`
--

CREATE TABLE `Inventario` (
  `id_inventario` int(11) NOT NULL,
  `id_producto` int(11) NOT NULL,
  `fecha_inv` date NOT NULL,
  `numero_factura` int(10) NOT NULL,
  `detalle` varchar(20) COLLATE utf8_spanish_ci NOT NULL,
  `precio_compra` decimal(8,3) NOT NULL,
  `unidades` int(5) NOT NULL,
  `entrada_fisica` decimal(8,3) NOT NULL,
  `salida_fisica` decimal(8,3) NOT NULL,
  `saldo_fisica` decimal(8,3) NOT NULL,
  `entrada_valorado` decimal(10,3) NOT NULL,
  `salida_valorado` decimal(10,3) NOT NULL,
  `saldo_valorado` decimal(10,3) NOT NULL,
  `promedio` decimal(10,3) NOT NULL
) ENGINE=InnoDB DEFAULT CHARSET=utf8 COLLATE=utf8_spanish_ci;

--
-- Volcado de datos para la tabla `Inventario`
--

INSERT INTO `Inventario` (`id_inventario`, `id_producto`, `fecha_inv`, `numero_factura`, `detalle`, `precio_compra`, `unidades`, `entrada_fisica`, `salida_fisica`, `saldo_fisica`, `entrada_valorado`, `salida_valorado`, `saldo_valorado`, `promedio`) VALUES
(1, 21, '2021-05-06', 1, 'Venta', 0.000, 5, 0.000, 5.000, 465.000, 0.000, 226.500, 23273.500, 50.000),
(2, 21, '2021-05-06', 2, 'Venta', 0.000, 10, 0.000, 10.000, 460.000, 0.000, 453.000, 23047.000, 50.000),
(3, 19, '2021-05-06', 3, 'Venta', 0.000, 30, 0.000, 30.000, 6.000, 0.000, 3570.000, 1038.000, 128.000),
(4, 29, '2021-05-06', 3, 'Venta', 0.000, 3, 0.000, 3.000, 17.000, 0.000, 105.600, 694.400, 40.000),
(5, 21, '2021-05-06', 1, 'Venta', 0.000, 3, 0.000, 3.000, 457.000, 0.000, 150.000, 22897.000, 50.102),
(6, 9, '2021-05-07', 1, 'Venta', 0.000, 1, 0.000, 1.000, 539.000, 0.000, 128.500, 75471.500, 140.000),
(7, 17, '2021-05-07', 1, 'Venta', 0.000, 30, 0.000, 30.000, 40.000, 0.000, 2535.000, 4325.000, 98.000),
(8, 17, '2021-05-07', 2, 'Venta', 0.000, 5, 0.000, 5.000, 35.000, 0.000, 490.000, 3835.000, 108.125),
(9, 9, '2021-05-07', 2, 'Venta', 0.000, 5, 0.000, 5.000, 534.000, 0.000, 700.000, 74771.500, 140.021),
(10, 12, '2021-05-07', 2, 'Venta', 0.000, 1, 0.000, 1.000, 51.000, 0.000, 194.500, 10465.500, 205.000),
(11, 11, '2021-05-07', 2, 'Venta', 0.000, 1, 0.000, 1.000, 10.000, 0.000, 194.500, 2060.500, 205.000),
(12, 20, '2021-05-07', 2, 'Venta', 0.000, 1, 0.000, 1.000, 54.000, 0.000, 65.000, 3785.000, 70.000),
(13, 2, '2021-05-10', 1, 'Venta', 0.000, 2, 0.000, 2.000, 48.000, 0.000, 139.000, 3661.000, 76.000),
(14, 4, '2021-05-10', 1, 'Venta', 0.000, 1, 0.000, 1.000, 20.000, 0.000, 98.530, 2106.470, 105.000),
(15, 11, '2021-05-10', 1, 'Venta', 0.000, 1, 0.000, 1.000, 9.000, 0.000, 205.000, 1855.500, 206.050),
(16, 12, '2021-05-10', 1, 'Venta', 0.000, 1, 0.000, 1.000, 50.000, 0.000, 205.000, 10260.500, 205.206),
(17, 9, '2021-05-10', 1, 'Venta', 0.000, 10, 0.000, 10.000, 524.000, 0.000, 1400.210, 73371.290, 140.022),
(18, 17, '2021-05-10', 1, 'Venta', 0.000, 10, 0.000, 10.000, 25.000, 0.000, 1081.250, 2753.750, 109.571),
(19, 19, '2021-05-10', 1, 'Venta', 0.000, 6, 0.000, 6.000, 0.000, 0.000, 768.000, 270.000, 173.000),
(20, 6, '2021-05-10', 1, 'Venta', 0.000, 2, 0.000, 2.000, 73.000, 0.000, 180.000, 6945.000, 95.000),
(21, 10, '2021-05-10', 1, 'Venta', 0.000, 2, 0.000, 2.000, 50.000, 0.000, 380.000, 10280.000, 205.000),
(22, 21, '2021-05-10', 2, 'Venta', 0.000, 20, 0.000, 20.000, 437.000, 0.000, 1002.040, 21894.960, 50.103),
(23, 23, '2021-05-10', 2, 'Venta', 0.000, 2, 0.000, 2.000, 6.000, 0.000, 80.400, 287.600, 46.000),
(24, 24, '2021-05-10', 2, 'Venta', 0.000, 2, 0.000, 2.000, 33.000, 0.000, 56.260, 1063.740, 32.000),
(25, 29, '2021-05-10', 2, 'Venta', 0.000, 4, 0.000, 4.000, 13.000, 0.000, 160.000, 534.400, 40.847),
(26, 30, '2021-05-10', 2, 'Venta', 0.000, 4, 0.000, 4.000, 24.000, 0.000, 140.800, 979.200, 40.000),
(27, 26, '2021-05-10', 2, 'Venta', 0.000, 5, 0.000, 5.000, 15.000, 0.000, 285.000, 1075.000, 68.000),
(28, 21, '2021-05-10', 3, 'Venta', 0.000, 4, 0.000, 4.000, 433.000, 0.000, 200.412, 21694.548, 50.103),
(29, 24, '2021-05-10', 3, 'Venta', 0.000, 1, 0.000, 1.000, 32.000, 0.000, 32.000, 1031.740, 32.235),
(30, 17, '2021-05-10', 1, 'Venta', 0.000, 1, 0.000, 1.000, 24.000, 0.000, 109.571, 2644.179, 110.150),
(31, 24, '2021-05-10', 1, 'Venta', 0.000, 1, 0.000, 1.000, 31.000, 0.000, 32.235, 999.505, 32.242),
(32, 17, '2021-05-10', 1, 'Venta', 0.000, 5, 0.000, 5.000, 19.000, 0.000, 550.750, 2093.429, 110.174),
(33, 20, '2021-05-10', 1, 'Venta', 0.000, 1, 0.000, 1.000, 53.000, 0.000, 70.000, 3715.000, 70.093),
(34, 21, '2021-05-10', 2, 'Venta', 0.000, 3, 0.000, 3.000, 430.000, 0.000, 150.309, 21544.239, 50.103),
(35, 24, '2021-05-10', 2, 'Venta', 0.000, 1, 0.000, 1.000, 30.000, 0.000, 32.242, 967.263, 32.242),
(36, 2, '2021-05-10', 1, 'Venta', 0.000, 1, 0.000, 1.000, 47.000, 0.000, 76.000, 3585.000, 76.271),
(37, 21, '2021-05-10', 1, 'Venta', 0.000, 1, 0.000, 1.000, 429.000, 0.000, 50.103, 21494.136, 50.103),
(38, 23, '2021-05-10', 1, 'Venta', 0.000, 2, 0.000, 2.000, 4.000, 0.000, 92.000, 195.600, 47.933),
(39, 2, '2021-05-10', 1, 'Venta', 0.000, 1, 0.000, 1.000, 46.000, 0.000, 76.271, 3508.729, 76.277),
(40, 16, '2021-05-10', 1, 'Venta', 0.000, 2, 0.000, 2.000, 178.000, 0.000, 70.000, 15410.000, 86.000),
(41, 17, '2021-05-10', 1, 'Venta', 0.000, 2, 0.000, 2.000, 17.000, 0.000, 220.348, 1873.081, 110.180),
(42, 25, '2021-05-10', 1, 'Venta', 0.000, 1, 0.000, 1.000, 39.000, 0.000, 40.300, 1759.700, 45.000),
(43, 28, '2021-05-10', 1, 'Venta', 0.000, 1, 0.000, 1.000, 34.000, 0.000, 45.300, 1704.700, 50.000),
(44, 21, '2021-05-10', 3, 'Venta', 0.000, 10, 0.000, 10.000, 419.000, 0.000, 501.030, 20993.106, 50.103),
(45, 9, '2021-05-11', 1, 'Venta', 0.000, 2, 0.000, 2.000, 522.000, 0.000, 280.044, 73091.246, 140.022),
(46, 5, '2021-05-11', 1, 'Venta', 0.000, 1, 0.000, 1.000, 10.000, 0.000, 71.000, 765.000, 76.000),
(47, 24, '2021-05-11', 1, 'Venta', 0.000, 10, 0.000, 10.000, 20.000, 0.000, 322.420, 644.843, 32.242),
(48, 21, '2021-05-11', 1, 'Venta', 0.000, 5, 0.000, 5.000, 414.000, 0.000, 250.515, 20742.591, 50.103),
(50, 17, '2021-05-11', 2, 'Compra', 79.330, 140, 140.000, 0.000, 157.000, 11106.200, 0.000, 12979.281, 16218.679),
(51, 17, '2021-05-11', 2, 'Compra', 79.330, 140, 140.000, 0.000, 157.000, 11106.200, 0.000, 12979.281, 16218.679),
(66, 7, '2021-05-11', 2, 'Compra', 100.500, 800, 800.000, 0.000, 982.000, 80400.000, 0.000, 99692.000, 86041.758),
(67, 7, '2021-05-11', 1, 'Venta', 0.000, 800, 0.000, 800.000, 182.000, 0.000, 81215.200, 18428.800, 101.470),
(78, 17, '2021-05-11', 999, 'Compra', 71.330, 140, 140.000, 0.000, 587.000, 9986.200, 0.000, 52609.011, 10182.589),
(79, 19, '2021-05-11', 999, 'Compra', 120.500, 132, 132.000, 0.000, 274.000, 15906.000, 0.000, 40237.450, 11779.772),
(80, 9, '2021-05-11', 999, 'Compra', 128.510, 240, 240.000, 0.000, 1002.000, 30842.400, 0.000, 137538.926, 25586.835),
(81, 5, '2021-05-11', 999, 'Compra', 71.000, 60, 60.000, 0.000, 150.000, 4260.000, 0.000, 11063.860, 2749.944),
(82, 16, '2021-05-11', 999, 'Compra', 40.000, 120, 120.000, 0.000, 538.000, 4800.000, 0.000, 40601.120, 7994.302),
(83, 29, '2021-05-11', 999, 'Compra', 35.200, 40, 40.000, 0.000, 143.000, 1408.000, 0.000, 5426.790, 1133.983),
(84, 30, '2021-05-11', 999, 'Compra', 35.200, 20, 20.000, 0.000, 84.000, 704.000, 0.000, 3248.300, 614.167),
(85, 23, '2021-05-11', 999, 'Compra', 40.200, 40, 40.000, 0.000, 124.000, 1608.000, 0.000, 5353.280, 1221.123),
(86, 19, '2021-05-11', 4, 'Venta', 0.000, 30, 0.000, 30.000, 244.000, 0.000, 4405.560, 42336.190, 170.590),
(87, 17, '2021-05-11', 3, 'Venta', 0.000, 5, 0.000, 5.000, 582.000, 0.000, 448.120, 55559.531, 95.413),
(88, 19, '2021-05-11', 3, 'Venta', 0.000, 5, 0.000, 5.000, 239.000, 0.000, 852.950, 41483.240, 173.509),
(89, 20, '2021-05-11', 3, 'Venta', 0.000, 1, 0.000, 1.000, 52.000, 0.000, 70.093, 3644.907, 70.094),
(90, 22, '2021-05-11', 3, 'Venta', 0.000, 1, 0.000, 1.000, 164.000, 0.000, 35.200, 6564.800, 40.000),
(91, 9, '2021-05-11', 3, 'Venta', 0.000, 500, 0.000, 500.000, 502.000, 0.000, 68632.000, 70799.566, 139.153),
(92, 9, '2021-05-11', 3, 'Venta', 0.000, 2, 0.000, 2.000, 500.000, 0.000, 278.306, 70521.260, 141.035),
(93, 17, '2021-05-11', 3, 'Venta', 0.000, 5, 0.000, 5.000, 577.000, 0.000, 477.065, 55082.466, 95.463),
(94, 20, '2021-05-11', 3, 'Venta', 0.000, 1, 0.000, 1.000, 51.000, 0.000, 70.094, 3574.813, 70.094),
(95, 25, '2021-05-11', 1, 'Venta', 0.000, 1, 0.000, 1.000, 38.000, 0.000, 45.000, 1714.700, 45.121),
(96, 21, '2021-05-11', 1, 'Venta', 0.000, 1, 0.000, 1.000, 413.000, 0.000, 50.103, 20692.488, 50.103),
(97, 26, '2021-05-11', 1, 'Venta', 0.000, 1, 0.000, 1.000, 14.000, 0.000, 68.000, 1007.000, 71.667),
(98, 26, '2021-05-11', 3, 'Venta', 0.000, 2, 0.000, 2.000, 12.000, 0.000, 143.334, 863.666, 71.929),
(99, 2, '2021-05-11', 3, 'Venta', 0.000, 1, 0.000, 1.000, 65.000, 0.000, 65.826, 4967.943, 76.269),
(100, 24, '2021-05-11', 3, 'Venta', 0.000, 1, 0.000, 1.000, 19.000, 0.000, 32.242, 612.601, 32.242),
(101, 17, '2021-05-11', 3, 'Venta', 0.000, 2, 0.000, 2.000, 575.000, 0.000, 190.926, 54891.540, 95.464),
(102, 29, '2021-05-11', 1, 'Venta', 0.000, 1, 0.000, 1.000, 142.000, 0.000, 37.950, 5548.320, 39.065),
(103, 30, '2021-05-11', 1, 'Venta', 0.000, 1, 0.000, 1.000, 83.000, 0.000, 38.670, 3281.630, 39.527),
(104, 21, '2021-05-12', 5, 'Venta', 0.000, 4, 0.000, 4.000, 409.000, 0.000, 200.412, 20492.076, 50.103),
(105, 25, '2021-05-12', 5, 'Venta', 0.000, 1, 0.000, 1.000, 37.000, 0.000, 45.121, 1669.579, 45.124),
(106, 21, '2021-05-12', 6, 'Venta', 0.000, 1, 0.000, 1.000, 408.000, 0.000, 50.103, 20441.973, 50.103),
(107, 25, '2021-05-12', 6, 'Venta', 0.000, 1, 0.000, 1.000, 36.000, 0.000, 45.124, 1624.455, 45.124),
(108, 30, '2021-05-12', 3, 'Venta', 0.000, 1, 0.000, 1.000, 82.000, 0.000, 39.527, 3242.103, 39.538),
(109, 22, '2021-05-12', 1, 'Venta', 0.000, 5, 0.000, 5.000, 159.000, 0.000, 200.000, 6364.800, 40.029),
(110, 21, '2021-05-12', 1, 'Venta', 0.000, 5, 0.000, 5.000, 403.000, 0.000, 250.515, 20191.458, 50.103),
(111, 22, '2021-05-12', 1, 'Venta', 0.000, 1, 0.000, 1.000, 158.000, 0.000, 40.029, 6324.771, 40.030),
(112, 21, '2021-05-12', 3, 'Venta', 0.000, 5, 0.000, 5.000, 398.000, 0.000, 250.515, 19940.943, 50.103),
(113, 22, '2021-05-12', 3, 'Venta', 0.000, 5, 0.000, 5.000, 153.000, 0.000, 200.150, 6124.621, 40.030),
(114, 9, '2021-05-12', 6, 'Venta', 0.000, 10, 0.000, 10.000, 490.000, 0.000, 1410.350, 69110.910, 141.043),
(115, 17, '2021-05-12', 6, 'Venta', 0.000, 5, 0.000, 5.000, 570.000, 0.000, 477.320, 54414.220, 95.464),
(116, 7, '2021-05-12', 6, 'Venta', 0.000, 5, 0.000, 5.000, 987.000, 0.000, 507.595, 100151.595, 101.471),
(117, 10, '2021-05-12', 6, 'Venta', 0.000, 5, 0.000, 5.000, 45.000, 0.000, 1025.000, 9255.000, 205.600),
(118, 16, '2021-05-12', 3, 'Venta', 0.000, 4, 0.000, 4.000, 534.000, 0.000, 301.868, 44263.812, 82.836),
(119, 21, '2021-05-12', 3, 'Venta', 0.000, 5, 0.000, 5.000, 393.000, 0.000, 250.515, 19690.428, 50.103),
(120, 9, '2021-05-12', 3, 'Venta', 0.000, 3, 0.000, 3.000, 487.000, 0.000, 423.129, 68687.781, 141.043),
(121, 26, '2021-05-12', 3, 'Venta', 0.000, 1, 0.000, 1.000, 11.000, 0.000, 71.929, 791.737, 71.972),
(122, 29, '2021-05-12', 3, 'Venta', 0.000, 2, 0.000, 2.000, 140.000, 0.000, 78.130, 5470.190, 39.073),
(123, 30, '2021-05-12', 3, 'Venta', 0.000, 3, 0.000, 3.000, 79.000, 0.000, 118.614, 3123.489, 39.538),
(124, 24, '2021-05-12', 3, 'Venta', 0.000, 2, 0.000, 2.000, 17.000, 0.000, 64.484, 548.117, 32.242),
(125, 2, '2021-05-12', 3, 'Venta', 0.000, 2, 0.000, 2.000, 63.000, 0.000, 152.538, 4815.405, 76.430),
(126, 26, '2021-05-12', 3, 'Venta', 0.000, 3, 0.000, 3.000, 8.000, 0.000, 215.916, 575.821, 71.976),
(127, 25, '2021-05-12', 3, 'Venta', 0.000, 3, 0.000, 3.000, 33.000, 0.000, 135.372, 1489.083, 45.124),
(128, 21, '2021-05-12', 3, 'Venta', 0.000, 2, 0.000, 2.000, 391.000, 0.000, 100.206, 19590.222, 50.103),
(129, 16, '2021-05-12', 3, 'Venta', 0.000, 2, 0.000, 2.000, 532.000, 0.000, 165.672, 44098.140, 82.891),
(130, 29, '2021-05-12', 3, 'Venta', 0.000, 2, 0.000, 2.000, 140.000, 0.000, 78.130, 5470.190, 39.073),
(131, 30, '2021-05-12', 3, 'Venta', 0.000, 3, 0.000, 3.000, 79.000, 0.000, 118.614, 3123.489, 39.538),
(132, 24, '2021-05-12', 3, 'Venta', 0.000, 2, 0.000, 2.000, 17.000, 0.000, 64.484, 548.117, 32.242),
(133, 2, '2021-05-12', 3, 'Venta', 0.000, 2, 0.000, 2.000, 63.000, 0.000, 152.538, 4815.405, 76.430),
(134, 26, '2021-05-12', 3, 'Venta', 0.000, 3, 0.000, 3.000, 8.000, 0.000, 215.916, 575.821, 71.976),
(135, 25, '2021-05-12', 3, 'Venta', 0.000, 3, 0.000, 3.000, 33.000, 0.000, 135.372, 1489.083, 45.124),
(136, 21, '2021-05-12', 3, 'Venta', 0.000, 2, 0.000, 2.000, 391.000, 0.000, 100.206, 19590.222, 50.103),
(137, 16, '2021-05-12', 3, 'Venta', 0.000, 2, 0.000, 2.000, 532.000, 0.000, 165.672, 44098.140, 82.891),
(138, 5, '2021-05-12', 3, 'Venta', 0.000, 1, 0.000, 1.000, 149.000, 0.000, 73.759, 11252.001, 75.505),
(139, 9, '2021-05-12', 36, 'Venta', 0.000, 2, 0.000, 2.000, 485.000, 0.000, 282.086, 68405.695, 141.043),
(140, 5, '2021-05-12', 3, 'Venta', 0.000, 2, 0.000, 2.000, 147.000, 0.000, 151.010, 11100.991, 75.517),
(141, 20, '2021-05-12', 3, 'Venta', 0.000, 2, 0.000, 2.000, 49.000, 0.000, 140.188, 3434.625, 70.094),
(142, 21, '2021-05-13', 7, 'Venta', 0.000, 10, 0.000, 10.000, 381.000, 0.000, 501.030, 19089.192, 50.103),
(143, 23, '2021-05-13', 7, 'Venta', 0.000, 1, 0.000, 1.000, 123.000, 0.000, 43.172, 5473.988, 44.493),
(144, 21, '2021-05-13', 8, 'Venta', 0.000, 20, 0.000, 20.000, 361.000, 0.000, 1002.060, 18087.132, 50.103),
(145, 29, '2021-05-13', 8, 'Venta', 0.000, 1, 0.000, 1.000, 139.000, 0.000, 39.073, 5431.117, 39.073),
(146, 30, '2021-05-13', 8, 'Venta', 0.000, 1, 0.000, 1.000, 78.000, 0.000, 39.538, 3083.951, 39.538),
(147, 4, '2021-05-13', 8, 'Venta', 0.000, 1, 0.000, 1.000, 39.000, 0.000, 105.212, 4087.418, 104.816),
(148, 18, '2021-05-13', 9, 'Venta', 0.000, 1, 0.000, 1.000, 5.000, 0.000, 110.000, 592.000, 117.000),
(149, 2, '2021-05-13', 9, 'Venta', 0.000, 1, 0.000, 1.000, 62.000, 0.000, 76.430, 4738.975, 76.435),
(150, 25, '2021-05-13', 9, 'Venta', 0.000, 2, 0.000, 2.000, 31.000, 0.000, 90.248, 1398.835, 45.124),
(151, 25, '2021-05-13', 10, 'Venta', 0.000, 1, 0.000, 1.000, 30.000, 0.000, 45.124, 1353.711, 45.124),
(152, 28, '2021-05-13', 10, 'Venta', 0.000, 1, 0.000, 1.000, 33.000, 0.000, 50.000, 1654.700, 50.138),
(153, 21, '2021-05-13', 10, 'Venta', 0.000, 10, 0.000, 10.000, 351.000, 0.000, 501.030, 17586.102, 50.103),
(154, 20, '2021-05-13', 3, 'Venta', 0.000, 2, 0.000, 2.000, 47.000, 0.000, 140.188, 3294.437, 70.094),
(155, 17, '2021-05-13', 3, 'Venta', 0.000, 10, 0.000, 10.000, 560.000, 0.000, 954.640, 53459.580, 95.464),
(156, 20, '2021-05-13', 3, 'Venta', 0.000, 2, 0.000, 2.000, 45.000, 0.000, 140.188, 3154.249, 70.094),
(157, 19, '2021-05-13', 6, 'Venta', 0.000, 2, 0.000, 2.000, 237.000, 0.000, 347.018, 41136.222, 173.570),
(158, 22, '2021-05-13', 6, 'Venta', 0.000, 1, 0.000, 1.000, 152.000, 0.000, 40.030, 6084.591, 40.030),
(159, 17, '2021-05-13', 6, 'Venta', 0.000, 2, 0.000, 2.000, 558.000, 0.000, 190.928, 53268.652, 95.464),
(160, 10, '2021-05-13', 2, 'Venta', 0.000, 1, 0.000, 1.000, 44.000, 0.000, 205.600, 9049.400, 205.667),
(161, 5, '2021-05-13', 2, 'Venta', 0.000, 1, 0.000, 1.000, 146.000, 0.000, 75.517, 11025.474, 75.517),
(162, 9, '2021-05-13', 2, 'Venta', 0.000, 1, 0.000, 1.000, 484.000, 0.000, 141.043, 68264.652, 141.043),
(163, 9, '2021-05-13', 3, 'Venta', 0.000, 1, 0.000, 1.000, 483.000, 0.000, 141.043, 68123.609, 141.043),
(164, 17, '2021-05-13', 3, 'Venta', 0.000, 1, 0.000, 1.000, 557.000, 0.000, 95.464, 53173.188, 95.464),
(165, 20, '2021-05-13', 3, 'Venta', 0.000, 1, 0.000, 1.000, 44.000, 0.000, 70.094, 3084.155, 70.094),
(166, 19, '2021-05-14', 3, 'Venta', 0.000, 4, 0.000, 4.000, 233.000, 0.000, 694.280, 40441.942, 173.571),
(167, 21, '2021-05-14', 3, 'Venta', 0.000, 1, 0.000, 1.000, 350.000, 0.000, 50.103, 17535.999, 50.103),
(168, 26, '2021-05-14', 1, 'Venta', 0.000, 1, 0.000, 1.000, 7.000, 0.000, 71.976, 503.845, 71.978),
(169, 26, '2021-05-14', 1, 'Venta', 0.000, 1, 0.000, 1.000, 7.000, 0.000, 71.976, 503.845, 71.978),
(170, 21, '2021-05-14', 1, 'Venta', 0.000, 3, 0.000, 3.000, 347.000, 0.000, 150.309, 17385.690, 50.103),
(171, 26, '2021-05-14', 12, 'Venta', 0.000, 1, 0.000, 1.000, 7.000, 0.000, 71.976, 503.845, 71.978),
(172, 21, '2021-05-14', 12, 'Venta', 0.000, 3, 0.000, 3.000, 347.000, 0.000, 150.309, 17385.690, 50.103),
(173, 19, '2021-05-14', 11, 'Venta', 0.000, 13, 0.000, 13.000, 220.000, 0.000, 2256.423, 38185.519, 173.571),
(174, 9, '2021-05-17', 3, 'Venta', 0.000, 3, 0.000, 3.000, 480.000, 0.000, 423.129, 67700.480, 141.043),
(175, 17, '2021-05-17', 3, 'Venta', 0.000, 1, 0.000, 1.000, 556.000, 0.000, 95.464, 53077.724, 95.464),
(176, 14, '2021-05-17', 3, 'Venta', 0.000, 1, 0.000, 1.000, 15.000, 0.000, 164.000, 2636.000, 175.000),
(177, 19, '2021-05-17', 3, 'Venta', 0.000, 2, 0.000, 2.000, 218.000, 0.000, 347.142, 37838.377, 173.571),
(178, 5, '2021-05-17', 3, 'Venta', 0.000, 1, 0.000, 1.000, 145.000, 0.000, 75.517, 10949.957, 75.517),
(179, 5, '2021-05-17', 3, 'Venta', 0.000, 1, 0.000, 1.000, 145.000, 0.000, 75.517, 10949.957, 75.517),
(180, 9, '2021-05-17', 3, 'Venta', 0.000, 1, 0.000, 1.000, 479.000, 0.000, 141.043, 67559.437, 141.043),
(181, 17, '2021-05-17', 3, 'Venta', 0.000, 1, 0.000, 1.000, 555.000, 0.000, 95.464, 52982.260, 95.464),
(182, 21, '2021-05-17', 3, 'Venta', 0.000, 4, 0.000, 4.000, 343.000, 0.000, 200.412, 17185.278, 50.103),
(183, 21, '2021-05-17', 3, 'Venta', 0.000, 3, 0.000, 3.000, 340.000, 0.000, 150.309, 17034.969, 50.103),
(184, 26, '2021-05-17', 3, 'Venta', 0.000, 1, 0.000, 1.000, 6.000, 0.000, 71.978, 431.867, 71.978),
(185, 29, '2021-05-17', 3, 'Venta', 0.000, 1, 0.000, 1.000, 138.000, 0.000, 39.073, 5392.044, 39.073),
(186, 30, '2021-05-17', 3, 'Venta', 0.000, 1, 0.000, 1.000, 77.000, 0.000, 39.538, 3044.413, 39.538),
(187, 21, '2021-05-17', 3, 'Venta', 0.000, 1, 0.000, 1.000, 339.000, 0.000, 50.103, 16984.866, 50.103),
(188, 26, '2021-05-17', 3, 'Venta', 0.000, 1, 0.000, 1.000, 5.000, 0.000, 71.978, 359.889, 71.978),
(189, 21, '2021-05-17', 2, 'Venta', 0.000, 5, 0.000, 5.000, 334.000, 0.000, 250.515, 16734.351, 50.103),
(190, 10, '2021-05-17', 2, 'Venta', 0.000, 1, 0.000, 1.000, 43.000, 0.000, 205.667, 8843.733, 205.668),
(191, 9, '2021-05-17', 2, 'Venta', 0.000, 2, 0.000, 2.000, 477.000, 0.000, 282.086, 67277.351, 141.043),
(192, 21, '2021-05-17', 2, 'Venta', 0.000, 1, 0.000, 1.000, 333.000, 0.000, 50.103, 16684.248, 50.103),
(193, 24, '2021-05-17', 2, 'Venta', 0.000, 1, 0.000, 1.000, 16.000, 0.000, 32.242, 515.875, 32.242),
(194, 16, '2021-05-17', 6, 'Venta', 0.000, 4, 0.000, 4.000, 528.000, 0.000, 331.564, 43766.576, 82.891),
(195, 25, '2021-05-17', 6, 'Venta', 0.000, 1, 0.000, 1.000, 29.000, 0.000, 45.124, 1308.587, 45.124),
(196, 26, '2021-05-17', 6, 'Venta', 0.000, 1, 0.000, 1.000, 4.000, 0.000, 71.978, 287.911, 71.978),
(197, 4, '2021-05-17', 1, 'Venta', 0.000, 1, 0.000, 1.000, 38.000, 0.000, 104.816, 3982.602, 104.806),
(198, 16, '2021-05-17', 3, 'Venta', 0.000, 3, 0.000, 3.000, 525.000, 0.000, 248.673, 43517.903, 82.891),
(199, 24, '2021-05-17', 3, 'Venta', 0.000, 1, 0.000, 1.000, 15.000, 0.000, 32.242, 483.633, 32.242),
(200, 21, '2021-05-17', 3, 'Venta', 0.000, 2, 0.000, 2.000, 331.000, 0.000, 100.206, 16584.042, 50.103),
(201, 4, '2021-05-17', 3, 'Venta', 0.000, 1, 0.000, 1.000, 37.000, 0.000, 104.806, 3877.796, 104.805),
(202, 21, '2021-05-17', 3, 'Venta', 0.000, 1, 0.000, 1.000, 330.000, 0.000, 50.103, 16533.939, 50.103),
(203, 21, '2021-05-17', 3, 'Venta', 0.000, 4, 0.000, 4.000, 326.000, 0.000, 200.412, 16333.527, 50.103),
(204, 26, '2021-05-17', 3, 'Venta', 0.000, 2, 0.000, 2.000, 2.000, 0.000, 143.956, 143.955, 71.978),
(205, 10, '2021-05-17', 6, 'Venta', 0.000, 1, 0.000, 1.000, 42.000, 0.000, 205.668, 8638.065, 205.668),
(206, 10, '2021-05-17', 64, 'Venta', 0.000, 1, 0.000, 1.000, 42.000, 0.000, 205.668, 8638.065, 205.668),
(207, 11, '2021-05-17', 64, 'Venta', 0.000, 1, 0.000, 1.000, 8.000, 0.000, 206.050, 1649.450, 206.167),
(208, 10, '2021-05-17', 1, 'Venta', 0.000, 1, 0.000, 1.000, 42.000, 0.000, 205.668, 8638.065, 205.668),
(209, 11, '2021-05-17', 1, 'Venta', 0.000, 1, 0.000, 1.000, 8.000, 0.000, 206.050, 1649.450, 206.167),
(210, 17, '2021-05-17', 1, 'Venta', 0.000, 1, 0.000, 1.000, 554.000, 0.000, 95.464, 52886.796, 95.464),
(211, 20, '2021-05-17', 3, 'Venta', 0.000, 1, 0.000, 1.000, 43.000, 0.000, 70.094, 3014.061, 70.094),
(212, 21, '2021-05-17', 3, 'Venta', 0.000, 1, 0.000, 1.000, 325.000, 0.000, 50.103, 16283.424, 50.103),
(213, 2, '2021-05-17', 3, 'Venta', 0.000, 1, 0.000, 1.000, 61.000, 0.000, 76.435, 4662.540, 76.435),
(214, 27, '2021-05-17', 3, 'Venta', 0.000, 1, 0.000, 1.000, 4.000, 0.000, 26.330, 123.670, 30.000),
(215, 19, '2021-05-18', 4, 'Venta', 0.000, 10, 0.000, 10.000, 208.000, 0.000, 1735.710, 36102.667, 173.571),
(216, 29, '2021-05-18', 1, 'Venta', 0.000, 5, 0.000, 5.000, 133.000, 0.000, 195.365, 5196.679, 39.073),
(217, 30, '2021-05-18', 1, 'Venta', 0.000, 5, 0.000, 5.000, 72.000, 0.000, 197.690, 2846.723, 39.538),
(218, 29, '2021-05-18', 1, 'Venta', 0.000, 2, 0.000, 2.000, 131.000, 0.000, 78.146, 5118.533, 39.073),
(219, 30, '2021-05-18', 1, 'Venta', 0.000, 3, 0.000, 3.000, 69.000, 0.000, 118.614, 2728.109, 39.538),
(220, 27, '2021-05-18', 6, 'Venta', 0.000, 2, 0.000, 2.000, 2.000, 0.000, 60.000, 63.670, 30.918),
(221, 23, '2021-05-18', 6, 'Venta', 0.000, 1, 0.000, 1.000, 122.000, 0.000, 44.493, 5429.495, 44.504),
(222, 14, '2021-05-18', 1, 'Venta', 0.000, 4, 0.000, 4.000, 11.000, 0.000, 700.000, 1936.000, 175.733),
(223, 2, '2021-05-18', 1, 'Venta', 0.000, 5, 0.000, 5.000, 56.000, 0.000, 382.175, 4280.365, 76.435),
(224, 5, '2021-05-18', 1, 'Venta', 0.000, 1, 0.000, 1.000, 144.000, 0.000, 75.517, 10874.440, 75.517),
(225, 21, '2021-05-18', 1, 'Venta', 0.000, 1, 0.000, 1.000, 324.000, 0.000, 50.103, 16233.321, 50.103),
(226, 21, '2021-05-18', 1, 'Venta', 0.000, 2, 0.000, 2.000, 322.000, 0.000, 100.206, 16133.115, 50.103),
(227, 29, '2021-05-19', 1, 'Venta', 0.000, 1, 0.000, 1.000, 130.000, 0.000, 39.073, 5079.460, 39.073),
(228, 30, '2021-05-19', 1, 'Venta', 0.000, 1, 0.000, 1.000, 68.000, 0.000, 39.538, 2688.571, 39.538),
(229, 27, '2021-05-19', 3, 'Venta', 0.000, 1, 0.000, 1.000, 1.000, 0.000, 30.918, 32.752, 31.835),
(230, 24, '2021-05-19', 1, 'Venta', 0.000, 1, 0.000, 1.000, 14.000, 0.000, 32.242, 451.391, 32.242),
(231, 27, '2021-05-19', 1, 'Venta', 0.000, 1, 0.000, 1.000, 0.000, 0.000, 31.835, 0.917, 32.752),
(232, 23, '2021-05-19', 1, 'Venta', 0.000, 1, 0.000, 1.000, 121.000, 0.000, 44.504, 5384.991, 44.504),
(233, 17, '2021-05-19', 1, 'Venta', 0.000, 1, 0.000, 1.000, 553.000, 0.000, 95.464, 52791.332, 95.464),
(234, 24, '2021-05-19', 1, 'Venta', 0.000, 1, 0.000, 1.000, 13.000, 0.000, 32.242, 419.149, 32.242),
(235, 9, '2021-05-19', 1, 'Venta', 0.000, 1, 0.000, 1.000, 476.000, 0.000, 141.043, 67136.308, 141.043),
(236, 21, '2021-05-20', 3, 'Venta', 0.000, 4, 0.000, 4.000, 318.000, 0.000, 200.412, 15932.703, 50.103),
(237, 24, '2021-05-20', 3, 'Venta', 0.000, 2, 0.000, 2.000, 11.000, 0.000, 64.484, 354.665, 32.242),
(238, 5, '2021-05-20', 3, 'Venta', 0.000, 3, 0.000, 3.000, 141.000, 0.000, 226.551, 10647.889, 75.517),
(239, 21, '2021-05-20', 3, 'Venta', 0.000, 5, 0.000, 5.000, 313.000, 0.000, 250.515, 15682.188, 50.103),
(240, 21, '2021-05-21', 15, 'Venta', 0.000, 5, 0.000, 5.000, 308.000, 0.000, 250.515, 15431.673, 50.103),
(241, 25, '2021-05-21', 15, 'Venta', 0.000, 1, 0.000, 1.000, 28.000, 0.000, 45.124, 1263.463, 45.124),
(242, 28, '2021-05-21', 15, 'Venta', 0.000, 1, 0.000, 1.000, 32.000, 0.000, 50.138, 1604.562, 50.142),
(243, 30, '2021-05-21', 15, 'Venta', 0.000, 2, 0.000, 2.000, 66.000, 0.000, 79.076, 2609.495, 39.538),
(244, 29, '2021-05-21', 15, 'Venta', 0.000, 1, 0.000, 1.000, 129.000, 0.000, 39.073, 5040.387, 39.073),
(245, 19, '2021-05-21', 16, 'Venta', 0.000, 30, 0.000, 30.000, 178.000, 0.000, 5207.130, 30895.537, 173.571),
(246, 10, '2021-05-21', 16, 'Venta', 0.000, 5, 0.000, 5.000, 37.000, 0.000, 1028.340, 7609.725, 205.668),
(247, 17, '2021-05-21', 16, 'Venta', 0.000, 7, 0.000, 7.000, 546.000, 0.000, 668.248, 52123.084, 95.464),
(248, 21, '2021-05-21', 17, 'Venta', 0.000, 30, 0.000, 30.000, 278.000, 0.000, 1503.090, 13928.583, 50.103),
(249, 29, '2021-05-21', 18, 'Venta', 0.000, 1, 0.000, 1.000, 128.000, 0.000, 39.073, 5001.314, 39.073),
(250, 30, '2021-05-21', 18, 'Venta', 0.000, 1, 0.000, 1.000, 65.000, 0.000, 39.538, 2569.957, 39.538),
(251, 31, '2021-05-21', 18, 'Venta', 0.000, 2, 0.000, 2.000, 43.000, 0.000, 84.400, 1724.600, 40.200),
(252, 23, '2021-05-21', 19, 'Venta', 0.000, 1, 0.000, 1.000, 120.000, 0.000, 44.504, 5340.487, 44.504),
(253, 31, '2021-05-21', 19, 'Venta', 0.000, 1, 0.000, 1.000, 42.000, 0.000, 40.200, 1684.400, 40.107),
(254, 31, '2021-05-21', 20, 'Venta', 0.000, 1, 0.000, 1.000, 41.000, 0.000, 40.107, 1644.293, 40.105),
(255, 21, '2021-05-21', 21, 'Venta', 0.000, 20, 0.000, 20.000, 258.000, 0.000, 1002.060, 12926.523, 50.103),
(256, 23, '2021-05-21', 21, 'Venta', 0.000, 3, 0.000, 3.000, 117.000, 0.000, 133.512, 5206.975, 44.504),
(257, 24, '2021-05-21', 21, 'Venta', 0.000, 2, 0.000, 2.000, 9.000, 0.000, 64.484, 290.181, 32.242),
(258, 31, '2021-05-21', 21, 'Venta', 0.000, 2, 0.000, 2.000, 39.000, 0.000, 80.210, 1564.083, 40.105),
(259, 17, '2021-05-21', 21, 'Venta', 0.000, 10, 0.000, 10.000, 536.000, 0.000, 954.640, 51168.444, 95.464),
(260, 2, '2021-05-21', 21, 'Venta', 0.000, 2, 0.000, 2.000, 54.000, 0.000, 152.870, 4127.495, 76.435),
(261, 4, '2021-05-21', 21, 'Venta', 0.000, 1, 0.000, 1.000, 36.000, 0.000, 104.805, 3772.991, 104.805),
(262, 12, '2021-05-21', 21, 'Venta', 0.000, 2, 0.000, 2.000, 48.000, 0.000, 410.412, 9850.088, 205.210),
(263, 16, '2021-05-21', 21, 'Venta', 0.000, 5, 0.000, 5.000, 520.000, 0.000, 414.455, 43103.448, 82.891),
(264, 30, '2021-05-21', 22, 'Venta', 0.000, 10, 0.000, 10.000, 55.000, 0.000, 395.380, 2174.577, 39.538),
(265, 29, '2021-05-21', 22, 'Venta', 0.000, 15, 0.000, 15.000, 113.000, 0.000, 586.095, 4415.219, 39.073),
(266, 4, '2021-05-21', 22, 'Venta', 0.000, 10, 0.000, 10.000, 26.000, 0.000, 1048.050, 2724.941, 104.805),
(267, 2, '2021-05-21', 22, 'Venta', 0.000, 20, 0.000, 20.000, 34.000, 0.000, 1528.700, 2598.795, 76.435),
(268, 30, '2021-05-21', 23, 'Venta', 0.000, 10, 0.000, 10.000, 55.000, 0.000, 395.380, 2174.577, 39.538),
(269, 29, '2021-05-21', 23, 'Venta', 0.000, 15, 0.000, 15.000, 113.000, 0.000, 586.095, 4415.219, 39.073),
(270, 4, '2021-05-21', 23, 'Venta', 0.000, 10, 0.000, 10.000, 26.000, 0.000, 1048.050, 2724.941, 104.805),
(271, 2, '2021-05-21', 23, 'Venta', 0.000, 20, 0.000, 20.000, 34.000, 0.000, 1528.700, 2598.795, 76.435),
(272, 30, '2021-05-21', 23, 'Venta', 0.000, 10, 0.000, 10.000, 55.000, 0.000, 395.380, 2174.577, 39.538),
(273, 29, '2021-05-21', 23, 'Venta', 0.000, 15, 0.000, 15.000, 113.000, 0.000, 586.095, 4415.219, 39.073),
(274, 4, '2021-05-21', 23, 'Venta', 0.000, 10, 0.000, 10.000, 26.000, 0.000, 1048.050, 2724.941, 104.805),
(275, 2, '2021-05-21', 23, 'Venta', 0.000, 20, 0.000, 20.000, 34.000, 0.000, 1528.700, 2598.795, 76.435),
(276, 2, '2021-05-21', 23, 'Venta', 0.000, 20, 0.000, 20.000, 34.000, 0.000, 1528.700, 2598.795, 76.435),
(277, 4, '2021-05-21', 23, 'Venta', 0.000, 10, 0.000, 10.000, 26.000, 0.000, 1048.050, 2724.941, 104.805),
(278, 29, '2021-05-21', 23, 'Venta', 0.000, 15, 0.000, 15.000, 113.000, 0.000, 586.095, 4415.219, 39.073),
(279, 30, '2021-05-21', 23, 'Venta', 0.000, 10, 0.000, 10.000, 55.000, 0.000, 395.380, 2174.577, 39.538),
(280, 19, '2021-05-21', 22, 'Venta', 0.000, 40, 0.000, 40.000, 138.000, 0.000, 6942.840, 23952.697, 173.570),
(281, 22, '2021-05-21', 24, 'Venta', 0.000, 1, 0.000, 1.000, 151.000, 0.000, 40.030, 6044.561, 40.030),
(282, 21, '2021-05-21', 24, 'Venta', 0.000, 15, 0.000, 15.000, 243.000, 0.000, 751.545, 12174.978, 50.103),
(283, 23, '2021-05-21', 24, 'Venta', 0.000, 1, 0.000, 1.000, 116.000, 0.000, 44.504, 5162.471, 44.504),
(284, 24, '2021-05-21', 24, 'Venta', 0.000, 1, 0.000, 1.000, 8.000, 0.000, 32.242, 257.939, 32.242),
(285, 22, '2021-05-21', 25, 'Venta', 0.000, 50, 0.000, 50.000, 101.000, 0.000, 2001.500, 4043.061, 40.030),
(286, 22, '2021-05-21', 26, 'Venta', 0.000, 20, 0.000, 20.000, 81.000, 0.000, 800.600, 3242.461, 40.030),
(287, 21, '2021-05-21', 27, 'Venta', 0.000, 6, 0.000, 6.000, 237.000, 0.000, 300.618, 11874.360, 50.103),
(288, 25, '2021-05-21', 27, 'Venta', 0.000, 2, 0.000, 2.000, 26.000, 0.000, 90.248, 1173.215, 45.124),
(289, 21, '2021-05-21', 28, 'Venta', 0.000, 10, 0.000, 10.000, 227.000, 0.000, 501.030, 11373.330, 50.103),
(290, 23, '2021-05-21', 28, 'Venta', 0.000, 1, 0.000, 1.000, 115.000, 0.000, 44.504, 5117.967, 44.504),
(291, 21, '2021-05-21', 29, 'Venta', 0.000, 20, 0.000, 20.000, 207.000, 0.000, 1002.060, 10371.270, 50.103),
(292, 21, '2021-05-21', 29, 'Venta', 0.000, 20, 0.000, 20.000, 207.000, 0.000, 1002.060, 10371.270, 50.103),
(293, 31, '2021-05-21', 29, 'Venta', 0.000, 2, 0.000, 2.000, 37.000, 0.000, 80.210, 1483.873, 40.105),
(294, 9, '2021-05-21', 29, 'Venta', 0.000, 5, 0.000, 5.000, 471.000, 0.000, 705.215, 66431.093, 141.043),
(295, 17, '2021-05-21', 29, 'Venta', 0.000, 5, 0.000, 5.000, 531.000, 0.000, 477.320, 50691.124, 95.464),
(296, 10, '2021-05-21', 29, 'Venta', 0.000, 3, 0.000, 3.000, 34.000, 0.000, 617.004, 6992.721, 205.668),
(297, 29, '2021-05-21', 29, 'Venta', 0.000, 2, 0.000, 2.000, 111.000, 0.000, 78.146, 4337.073, 39.073),
(298, 30, '2021-05-21', 29, 'Venta', 0.000, 2, 0.000, 2.000, 53.000, 0.000, 79.076, 2095.501, 39.538),
(299, 11, '2021-05-21', 29, 'Venta', 0.000, 1, 0.000, 1.000, 7.000, 0.000, 206.167, 1443.283, 206.181),
(300, 4, '2021-05-21', 29, 'Venta', 0.000, 1, 0.000, 1.000, 25.000, 0.000, 104.805, 2620.136, 104.805),
(301, 2, '2021-05-22', 2535, 'Compra', 71.000, 1, 1.000, 0.000, 35.000, 71.000, 0.000, 2669.795, 76.280),
(302, 21, '2021-05-25', 3, 'Venta', 0.000, 10, 0.000, 10.000, 197.000, 0.000, 501.030, 9870.240, 50.103),
(303, 21, '2021-05-25', 3, 'Venta', 0.000, 10, 0.000, 10.000, 197.000, 0.000, 501.030, 9870.240, 50.103),
(304, 21, '2021-05-25', 1, 'Venta', 0.000, 10, 0.000, 10.000, 187.000, 0.000, 501.030, 9369.210, 50.103),
(305, 21, '2021-05-25', 1, 'Venta', 0.000, 10, 0.000, 10.000, 187.000, 0.000, 501.030, 9369.210, 50.103),
(306, 21, '2021-05-25', 12, 'Venta', 0.000, 6, 0.000, 6.000, 181.000, 0.000, 300.618, 9068.592, 50.103),
(307, 21, '2021-05-25', 1, 'Venta', 0.000, 10, 0.000, 10.000, 171.000, 0.000, 501.030, 8567.562, 50.103),
(308, 23, '2021-05-25', 1, 'Venta', 0.000, 2, 0.000, 2.000, 113.000, 0.000, 89.008, 5028.959, 44.504),
(309, 21, '2021-05-25', 2, 'Venta', 0.000, 20, 0.000, 20.000, 151.000, 0.000, 1002.060, 7565.502, 50.103),
(310, 21, '2021-05-25', 1, 'Venta', 0.000, 19, 0.000, 19.000, 132.000, 0.000, 951.957, 6613.545, 50.103),
(311, 21, '2021-05-25', 1, 'Venta', 0.000, 10, 0.000, 10.000, 122.000, 0.000, 501.030, 6112.515, 50.103),
(312, 21, '2021-05-25', 1, 'Venta', 0.000, 10, 0.000, 10.000, 112.000, 0.000, 501.030, 5611.485, 50.103),
(313, 21, '2021-05-25', 1, 'Venta', 0.000, 10, 0.000, 10.000, 102.000, 0.000, 501.030, 5110.455, 50.103),
(314, 21, '2021-05-25', 1, 'Venta', 0.000, 10, 0.000, 10.000, 92.000, 0.000, 501.030, 4609.425, 50.103),
(315, 21, '2021-05-25', 1, 'Venta', 0.000, 5, 0.000, 5.000, 87.000, 0.000, 250.515, 4358.910, 50.102),
(316, 4, '2021-06-01', 100, 'Venta', 0.000, 17, 0.000, 17.000, 8.000, 0.000, 1781.685, 838.451, 104.805),
(317, 5, '2021-06-01', 100, 'Venta', 0.000, 101, 0.000, 101.000, 40.000, 0.000, 7627.217, 3020.672, 75.517),
(318, 6, '2021-06-01', 100, 'Venta', 0.000, 62, 0.000, 62.000, 21.000, 0.000, 5899.734, 1995.266, 95.120),
(319, 7, '2021-06-01', 100, 'Venta', 0.000, 987, 0.000, 987.000, 0.000, 0.000, 100151.877, -0.282, 101.471),
(320, 9, '2021-06-01', 100, 'Venta', 0.000, 391, 0.000, 391.000, 80.000, 0.000, 55147.813, 11283.280, 141.043),
(321, 10, '2021-06-01', 100, 'Venta', 0.000, 25, 0.000, 25.000, 9.000, 0.000, 5141.700, 1851.021, 205.668),
(322, 12, '2021-06-01', 100, 'Venta', 0.000, 8, 0.000, 8.000, 40.000, 0.000, 1641.680, 8208.408, 205.210),
(323, 13, '2021-06-01', 100, 'Venta', 0.000, 2, 0.000, 2.000, 6.000, 0.000, 387.000, 1237.000, 203.000),
(324, 14, '2021-06-01', 100, 'Venta', 0.000, 2, 0.000, 2.000, 9.000, 0.000, 351.466, 1584.534, 176.000),
(325, 15, '2021-06-01', 100, 'Venta', 0.000, 3, 0.000, 3.000, 2.000, 0.000, 388.170, 311.830, 140.000),
(326, 16, '2021-06-01', 100, 'Venta', 0.000, 269, 0.000, 269.000, 251.000, 0.000, 22297.679, 20805.769, 82.891),
(327, 17, '2021-06-01', 100, 'Venta', 0.000, 317, 0.000, 317.000, 214.000, 0.000, 30262.088, 20429.036, 95.464),
(328, 19, '2021-06-01', 100, 'Venta', 0.000, 117, 0.000, 117.000, 21.000, 0.000, 20307.690, 3645.007, 173.570),
(329, 22, '2021-06-01', 100, 'Venta', 0.000, 21, 0.000, 21.000, 60.000, 0.000, 840.630, 2401.831, 40.030),
(330, 4, '2021-06-01', 100, 'Venta', 0.000, 17, 0.000, 17.000, 8.000, 0.000, 1781.685, 838.451, 104.805),
(331, 5, '2021-06-01', 100, 'Venta', 0.000, 101, 0.000, 101.000, 40.000, 0.000, 7627.217, 3020.672, 75.517),
(332, 2, '2021-06-01', 2, 'Compra', 76.000, 61, 61.000, 0.000, 96.000, 4636.000, 0.000, 7311.230, 1748.177),
(333, 11, '2021-06-01', 2, 'Compra', 205.000, 16, 16.000, 0.000, 23.000, 3280.000, 0.000, 4723.283, 1146.632),
(334, 20, '2021-06-01', 2, 'Compra', 75.000, 71, 71.000, 0.000, 114.000, 5325.000, 0.000, 8339.061, 1923.889),
(335, 24, '2021-06-01', 2, 'Compra', 32.000, 7, 7.000, 0.000, 15.000, 224.000, 0.000, 481.939, 135.305),
(336, 32, '2021-06-01', 2, 'Compra', 47.000, 20, 20.000, 0.000, 40.000, 940.000, 0.000, 1880.000, 493.500),
(337, 21, '2021-06-01', 1, 'Venta', 0.000, 10, 0.000, 10.000, 77.000, 0.000, 501.020, 3857.890, 50.102),
(338, 21, '2021-06-01', 1, 'Venta', 0.000, 4, 0.000, 4.000, 73.000, 0.000, 200.408, 3657.482, 50.102),
(339, 9, '2021-06-02', 1, 'Venta', 0.000, 5, 0.000, 5.000, 75.000, 0.000, 705.215, 10578.065, 141.041),
(340, 25, '2021-06-02', 1, 'Venta', 0.000, 1, 0.000, 1.000, 25.000, 0.000, 45.124, 1128.091, 45.124),
(341, 28, '2021-06-02', 1, 'Venta', 0.000, 1, 0.000, 1.000, 31.000, 0.000, 50.142, 1554.420, 50.143),
(342, 31, '2021-06-02', 1, 'Venta', 0.000, 1, 0.000, 1.000, 36.000, 0.000, 40.105, 1443.768, 40.105),
(343, 32, '2021-06-02', 1, 'Venta', 0.000, 2, 0.000, 2.000, 38.000, 0.000, 94.000, 1674.000, 44.200),
(344, 31, '2021-06-02', 1, 'Venta', 0.000, 1, 0.000, 1.000, 36.000, 0.000, 40.105, 1443.768, 40.105),
(345, 32, '2021-06-02', 1, 'Venta', 0.000, 2, 0.000, 2.000, 38.000, 0.000, 94.000, 1674.000, 44.200),
(346, 31, '2021-06-02', 2, 'Venta', 0.000, 1, 0.000, 1.000, 36.000, 0.000, 40.105, 1443.768, 40.105),
(347, 32, '2021-06-02', 2, 'Venta', 0.000, 2, 0.000, 2.000, 38.000, 0.000, 94.000, 1674.000, 44.200),
(348, 31, '2021-06-02', 12, 'Venta', 0.000, 1, 0.000, 1.000, 36.000, 0.000, 40.105, 1443.768, 40.105),
(349, 32, '2021-06-02', 12, 'Venta', 0.000, 2, 0.000, 2.000, 38.000, 0.000, 94.000, 1674.000, 44.200),
(350, 31, '2021-06-02', 12, 'Venta', 0.000, 1, 0.000, 1.000, 36.000, 0.000, 40.105, 1443.768, 40.105),
(351, 32, '2021-06-02', 12, 'Venta', 0.000, 2, 0.000, 2.000, 38.000, 0.000, 94.000, 1674.000, 44.200),
(352, 19, '2021-06-03', 1, 'Venta', 0.000, 15, 0.000, 15.000, 6.000, 0.000, 2603.550, 1041.457, 173.572),
(353, 31, '2021-06-04', 1, 'Venta', 0.000, 12, 0.000, 12.000, 24.000, 0.000, 481.260, 962.508, 40.105),
(354, 32, '2021-06-04', 1, 'Venta', 0.000, 2, 0.000, 2.000, 36.000, 0.000, 88.400, 1585.600, 44.053),
(355, 31, '2021-06-04', 1, 'Venta', 0.000, 1, 0.000, 1.000, 23.000, 0.000, 40.105, 922.403, 40.105),
(356, 32, '2021-06-04', 1, 'Venta', 0.000, 2, 0.000, 2.000, 36.000, 0.000, 88.400, 1585.600, 44.053),
(357, 31, '2021-06-04', 1, 'Venta', 0.000, 1, 0.000, 1.000, 23.000, 0.000, 40.105, 922.403, 40.105),
(358, 32, '2021-06-04', 12, 'Venta', 0.000, 2, 0.000, 2.000, 36.000, 0.000, 88.400, 1585.600, 44.053),
(359, 31, '2021-06-04', 12, 'Venta', 0.000, 1, 0.000, 1.000, 23.000, 0.000, 40.105, 922.403, 40.105),
(360, 32, '2021-06-04', 12, 'Venta', 0.000, 2, 0.000, 2.000, 36.000, 0.000, 88.400, 1585.600, 44.053),
(361, 31, '2021-06-04', 12, 'Venta', 0.000, 1, 0.000, 1.000, 23.000, 0.000, 40.105, 922.403, 40.105),
(362, 32, '2021-06-04', 12, 'Venta', 0.000, 2, 0.000, 2.000, 36.000, 0.000, 88.400, 1585.600, 44.053),
(363, 31, '2021-06-04', 12, 'Venta', 0.000, 1, 0.000, 1.000, 23.000, 0.000, 40.105, 922.403, 40.105),
(364, 32, '2021-06-04', 12, 'Venta', 0.000, 2, 0.000, 2.000, 36.000, 0.000, 88.400, 1585.600, 44.053),
(365, 31, '2021-06-04', 12, 'Venta', 0.000, 1, 0.000, 1.000, 23.000, 0.000, 40.105, 922.403, 40.105),
(366, 32, '2021-06-04', 12, 'Venta', 0.000, 2, 0.000, 2.000, 36.000, 0.000, 88.400, 1585.600, 44.053),
(367, 31, '2021-06-04', 12, 'Venta', 0.000, 1, 0.000, 1.000, 23.000, 0.000, 40.105, 922.403, 40.105),
(368, 32, '2021-06-04', 12, 'Venta', 0.000, 2, 0.000, 2.000, 36.000, 0.000, 88.400, 1585.600, 44.053),
(369, 31, '2021-06-04', 12, 'Venta', 0.000, 1, 0.000, 1.000, 23.000, 0.000, 40.105, 922.403, 40.105),
(370, 32, '2021-06-04', 12, 'Venta', 0.000, 2, 0.000, 2.000, 36.000, 0.000, 88.400, 1585.600, 44.053),
(371, 31, '2021-06-04', 12, 'Venta', 0.000, 1, 0.000, 1.000, 23.000, 0.000, 40.105, 922.403, 40.105),
(372, 32, '2021-06-04', 12, 'Venta', 0.000, 2, 0.000, 2.000, 36.000, 0.000, 88.400, 1585.600, 44.053),
(373, 31, '2021-06-04', 12, 'Venta', 0.000, 1, 0.000, 1.000, 23.000, 0.000, 40.105, 922.403, 40.105),
(374, 32, '2021-06-04', 12, 'Venta', 0.000, 2, 0.000, 2.000, 36.000, 0.000, 88.400, 1585.600, 44.053),
(375, 31, '2021-06-04', 12, 'Venta', 0.000, 1, 0.000, 1.000, 23.000, 0.000, 40.105, 922.403, 40.105),
(376, 32, '2021-06-04', 12, 'Venta', 0.000, 2, 0.000, 2.000, 36.000, 0.000, 88.400, 1585.600, 44.053),
(377, 31, '2021-06-04', 12, 'Venta', 0.000, 1, 0.000, 1.000, 23.000, 0.000, 40.105, 922.403, 40.105),
(378, 32, '2021-06-04', 12, 'Venta', 0.000, 2, 0.000, 2.000, 36.000, 0.000, 88.400, 1585.600, 44.053),
(379, 31, '2021-06-04', 12, 'Venta', 0.000, 1, 0.000, 1.000, 23.000, 0.000, 40.105, 922.403, 40.105),
(380, 32, '2021-06-04', 12, 'Venta', 0.000, 2, 0.000, 2.000, 36.000, 0.000, 88.400, 1585.600, 44.053),
(381, 31, '2021-06-04', 12, 'Venta', 0.000, 1, 0.000, 1.000, 23.000, 0.000, 40.105, 922.403, 40.105),
(382, 32, '2021-06-04', 12, 'Venta', 0.000, 2, 0.000, 2.000, 36.000, 0.000, 88.400, 1585.600, 44.053),
(383, 31, '2021-06-04', 12, 'Venta', 0.000, 1, 0.000, 1.000, 23.000, 0.000, 40.105, 922.403, 40.105),
(384, 32, '2021-06-04', 12, 'Venta', 0.000, 2, 0.000, 2.000, 36.000, 0.000, 88.400, 1585.600, 44.053),
(385, 31, '2021-06-04', 12, 'Venta', 0.000, 1, 0.000, 1.000, 23.000, 0.000, 40.105, 922.403, 40.105),
(386, 32, '2021-06-04', 12, 'Venta', 0.000, 2, 0.000, 2.000, 36.000, 0.000, 88.400, 1585.600, 44.053),
(387, 31, '2021-06-04', 12, 'Venta', 0.000, 1, 0.000, 1.000, 23.000, 0.000, 40.105, 922.403, 40.105),
(388, 32, '2021-06-04', 12, 'Venta', 0.000, 2, 0.000, 2.000, 36.000, 0.000, 88.400, 1585.600, 44.053),
(389, 31, '2021-06-04', 12, 'Venta', 0.000, 1, 0.000, 1.000, 23.000, 0.000, 40.105, 922.403, 40.105),
(390, 32, '2021-06-04', 12, 'Venta', 0.000, 2, 0.000, 2.000, 36.000, 0.000, 88.400, 1585.600, 44.053),
(391, 31, '2021-06-04', 12, 'Venta', 0.000, 1, 0.000, 1.000, 23.000, 0.000, 40.105, 922.403, 40.105),
(392, 32, '2021-06-04', 12, 'Venta', 0.000, 2, 0.000, 2.000, 36.000, 0.000, 88.400, 1585.600, 44.053),
(393, 31, '2021-06-04', 12, 'Venta', 0.000, 1, 0.000, 1.000, 23.000, 0.000, 40.105, 922.403, 40.105),
(394, 32, '2021-06-04', 12, 'Venta', 0.000, 2, 0.000, 2.000, 36.000, 0.000, 88.400, 1585.600, 44.053),
(395, 31, '2021-06-04', 12, 'Venta', 0.000, 1, 0.000, 1.000, 23.000, 0.000, 40.105, 922.403, 40.105),
(396, 32, '2021-06-04', 12, 'Venta', 0.000, 2, 0.000, 2.000, 36.000, 0.000, 88.400, 1585.600, 44.053),
(397, 31, '2021-06-04', 12, 'Venta', 0.000, 1, 0.000, 1.000, 23.000, 0.000, 40.105, 922.403, 40.105),
(398, 32, '2021-06-04', 12, 'Venta', 0.000, 2, 0.000, 2.000, 36.000, 0.000, 88.400, 1585.600, 44.053),
(399, 31, '2021-06-04', 12, 'Venta', 0.000, 1, 0.000, 1.000, 23.000, 0.000, 40.105, 922.403, 40.105),
(400, 32, '2021-06-04', 12, 'Venta', 0.000, 2, 0.000, 2.000, 36.000, 0.000, 88.400, 1585.600, 44.053),
(401, 31, '2021-06-04', 12, 'Venta', 0.000, 1, 0.000, 1.000, 23.000, 0.000, 40.105, 922.403, 40.105),
(402, 32, '2021-06-04', 12, 'Venta', 0.000, 2, 0.000, 2.000, 36.000, 0.000, 88.400, 1585.600, 44.053),
(403, 31, '2021-06-04', 12, 'Venta', 0.000, 1, 0.000, 1.000, 23.000, 0.000, 40.105, 922.403, 40.105),
(404, 32, '2021-06-04', 12, 'Venta', 0.000, 2, 0.000, 2.000, 36.000, 0.000, 88.400, 1585.600, 44.053),
(405, 31, '2021-06-04', 12, 'Venta', 0.000, 1, 0.000, 1.000, 23.000, 0.000, 40.105, 922.403, 40.105),
(406, 32, '2021-06-04', 12, 'Venta', 0.000, 2, 0.000, 2.000, 36.000, 0.000, 88.400, 1585.600, 44.053),
(407, 31, '2021-06-04', 12, 'Venta', 0.000, 1, 0.000, 1.000, 23.000, 0.000, 40.105, 922.403, 40.105),
(408, 32, '2021-06-04', 12, 'Venta', 0.000, 2, 0.000, 2.000, 36.000, 0.000, 88.400, 1585.600, 44.053),
(409, 31, '2021-06-04', 12, 'Venta', 0.000, 1, 0.000, 1.000, 23.000, 0.000, 40.105, 922.403, 40.105),
(410, 32, '2021-06-04', 12, 'Venta', 0.000, 2, 0.000, 2.000, 36.000, 0.000, 88.400, 1585.600, 44.053),
(411, 31, '2021-06-04', 12, 'Venta', 0.000, 1, 0.000, 1.000, 23.000, 0.000, 40.105, 922.403, 40.105),
(412, 32, '2021-06-04', 12, 'Venta', 0.000, 2, 0.000, 2.000, 36.000, 0.000, 88.400, 1585.600, 44.053),
(413, 31, '2021-06-04', 12, 'Venta', 0.000, 1, 0.000, 1.000, 23.000, 0.000, 40.105, 922.403, 40.105),
(414, 32, '2021-06-04', 12, 'Venta', 0.000, 2, 0.000, 2.000, 36.000, 0.000, 88.400, 1585.600, 44.053),
(415, 31, '2021-06-04', 12, 'Venta', 0.000, 1, 0.000, 1.000, 23.000, 0.000, 40.105, 922.403, 40.105),
(416, 32, '2021-06-04', 12, 'Venta', 0.000, 2, 0.000, 2.000, 36.000, 0.000, 88.400, 1585.600, 44.053),
(417, 31, '2021-06-04', 12, 'Venta', 0.000, 1, 0.000, 1.000, 23.000, 0.000, 40.105, 922.403, 40.105),
(418, 32, '2021-06-04', 12, 'Venta', 0.000, 2, 0.000, 2.000, 36.000, 0.000, 88.400, 1585.600, 44.053),
(419, 31, '2021-06-04', 12, 'Venta', 0.000, 1, 0.000, 1.000, 23.000, 0.000, 40.105, 922.403, 40.105),
(420, 32, '2021-06-04', 12, 'Venta', 0.000, 2, 0.000, 2.000, 36.000, 0.000, 88.400, 1585.600, 44.053),
(421, 31, '2021-06-04', 12, 'Venta', 0.000, 1, 0.000, 1.000, 23.000, 0.000, 40.105, 922.403, 40.105),
(422, 32, '2021-06-04', 12, 'Venta', 0.000, 2, 0.000, 2.000, 36.000, 0.000, 88.400, 1585.600, 44.053),
(423, 31, '2021-06-04', 12, 'Venta', 0.000, 1, 0.000, 1.000, 23.000, 0.000, 40.105, 922.403, 40.105),
(424, 32, '2021-06-04', 12, 'Venta', 0.000, 2, 0.000, 2.000, 36.000, 0.000, 88.400, 1585.600, 44.053),
(425, 31, '2021-06-04', 12, 'Venta', 0.000, 1, 0.000, 1.000, 23.000, 0.000, 40.105, 922.403, 40.105),
(426, 32, '2021-06-04', 12, 'Venta', 0.000, 2, 0.000, 2.000, 36.000, 0.000, 88.400, 1585.600, 44.053),
(427, 31, '2021-06-04', 12, 'Venta', 0.000, 1, 0.000, 1.000, 23.000, 0.000, 40.105, 922.403, 40.105),
(428, 32, '2021-06-04', 12, 'Venta', 0.000, 2, 0.000, 2.000, 36.000, 0.000, 88.400, 1585.600, 44.053),
(429, 31, '2021-06-04', 12, 'Venta', 0.000, 1, 0.000, 1.000, 23.000, 0.000, 40.105, 922.403, 40.105),
(430, 32, '2021-06-04', 12, 'Venta', 0.000, 2, 0.000, 2.000, 36.000, 0.000, 88.400, 1585.600, 44.053),
(431, 31, '2021-06-04', 12, 'Venta', 0.000, 1, 0.000, 1.000, 23.000, 0.000, 40.105, 922.403, 40.105),
(432, 32, '2021-06-04', 12, 'Venta', 0.000, 2, 0.000, 2.000, 36.000, 0.000, 88.400, 1585.600, 44.053),
(433, 31, '2021-06-04', 12, 'Venta', 0.000, 1, 0.000, 1.000, 23.000, 0.000, 40.105, 922.403, 40.105),
(434, 32, '2021-06-04', 12, 'Venta', 0.000, 2, 0.000, 2.000, 36.000, 0.000, 88.400, 1585.600, 44.053),
(435, 31, '2021-06-04', 12, 'Venta', 0.000, 1, 0.000, 1.000, 23.000, 0.000, 40.105, 922.403, 40.105),
(436, 32, '2021-06-04', 12, 'Venta', 0.000, 2, 0.000, 2.000, 36.000, 0.000, 88.400, 1585.600, 44.053),
(437, 32, '2021-06-04', 12, 'Venta', 0.000, 2, 0.000, 2.000, 36.000, 0.000, 88.400, 1585.600, 44.053),
(438, 31, '2021-06-04', 12, 'Venta', 0.000, 1, 0.000, 1.000, 23.000, 0.000, 40.105, 922.403, 40.105),
(439, 32, '2021-06-04', 12, 'Venta', 0.000, 2, 0.000, 2.000, 36.000, 0.000, 88.400, 1585.600, 44.053),
(440, 31, '2021-06-04', 12, 'Venta', 0.000, 1, 0.000, 1.000, 23.000, 0.000, 40.105, 922.403, 40.105),
(441, 32, '2021-06-04', 12, 'Venta', 0.000, 2, 0.000, 2.000, 36.000, 0.000, 88.400, 1585.600, 44.053),
(442, 31, '2021-06-04', 12, 'Venta', 0.000, 1, 0.000, 1.000, 23.000, 0.000, 40.105, 922.403, 40.105),
(443, 32, '2021-06-04', 12, 'Venta', 0.000, 2, 0.000, 2.000, 36.000, 0.000, 88.400, 1585.600, 44.053),
(444, 31, '2021-06-04', 12, 'Venta', 0.000, 1, 0.000, 1.000, 23.000, 0.000, 40.105, 922.403, 40.105),
(445, 32, '2021-06-04', 12, 'Venta', 0.000, 2, 0.000, 2.000, 36.000, 0.000, 88.400, 1585.600, 44.053),
(446, 31, '2021-06-04', 12, 'Venta', 0.000, 1, 0.000, 1.000, 23.000, 0.000, 40.105, 922.403, 40.105),
(447, 32, '2021-06-04', 12, 'Venta', 0.000, 2, 0.000, 2.000, 36.000, 0.000, 88.400, 1585.600, 44.053),
(448, 31, '2021-06-04', 12, 'Venta', 0.000, 1, 0.000, 1.000, 23.000, 0.000, 40.105, 922.403, 40.105),
(449, 32, '2021-06-04', 12, 'Venta', 0.000, 2, 0.000, 2.000, 36.000, 0.000, 88.400, 1585.600, 44.053),
(450, 31, '2021-06-04', 12, 'Venta', 0.000, 1, 0.000, 1.000, 23.000, 0.000, 40.105, 922.403, 40.105),
(451, 32, '2021-06-04', 12, 'Venta', 0.000, 2, 0.000, 2.000, 36.000, 0.000, 88.400, 1585.600, 44.053),
(452, 31, '2021-06-04', 12, 'Venta', 0.000, 1, 0.000, 1.000, 23.000, 0.000, 40.105, 922.403, 40.105),
(453, 32, '2021-06-04', 12, 'Venta', 0.000, 2, 0.000, 2.000, 36.000, 0.000, 88.400, 1585.600, 44.053),
(454, 31, '2021-06-04', 12, 'Venta', 0.000, 1, 0.000, 1.000, 23.000, 0.000, 40.105, 922.403, 40.105),
(455, 32, '2021-06-04', 12, 'Venta', 0.000, 2, 0.000, 2.000, 36.000, 0.000, 88.400, 1585.600, 44.053),
(456, 31, '2021-06-04', 12, 'Venta', 0.000, 1, 0.000, 1.000, 23.000, 0.000, 40.105, 922.403, 40.105),
(457, 21, '2021-06-08', 30, 'Venta', 0.000, 200, 0.000, 200.000, -127.000, 0.000, 10020.400, -6362.918, 50.102),
(458, 21, '2021-06-16', 3, 'Venta', 0.000, 2, 0.000, 2.000, -129.000, 0.000, 100.204, -6463.122, 50.102),
(459, 31, '2021-06-16', 3, 'Venta', 0.000, 2, 0.000, 2.000, 21.000, 0.000, 80.210, 842.193, 40.104),
(460, 21, '2021-06-16', 3, 'Venta', 0.000, 2, 0.000, 2.000, -129.000, 0.000, 100.204, -6463.122, 50.102),
(461, 31, '2021-06-16', 3, 'Venta', 0.000, 2, 0.000, 2.000, 21.000, 0.000, 80.210, 842.193, 40.104),
(462, 21, '2021-06-16', 1, 'Venta', 0.000, 2, 0.000, 2.000, -129.000, 0.000, 100.204, -6463.122, 50.102),
(463, 31, '2021-06-16', 1, 'Venta', 0.000, 2, 0.000, 2.000, 21.000, 0.000, 80.210, 842.193, 40.104),
(464, 21, '2021-06-16', 2, 'Compra', 50.000, 480, 480.000, 0.000, 351.000, 24000.000, 0.000, 17536.878, -8770.081),
(465, 21, '2021-06-16', 1, 'Venta', 0.000, 2, 0.000, 2.000, 349.000, 0.000, 99.926, 17485.912, 50.102),
(466, 31, '2021-06-16', 1, 'Venta', 0.000, 2, 0.000, 2.000, 19.000, 0.000, 80.208, 761.985, 40.104),
(467, 21, '2021-06-16', 1, 'Venta', 0.000, 2, 0.000, 2.000, 349.000, 0.000, 99.926, 17485.912, 50.102),
(468, 31, '2021-06-16', 1, 'Venta', 0.000, 2, 0.000, 2.000, 19.000, 0.000, 80.208, 761.985, 40.104),
(469, 21, '2021-06-16', 13, 'Venta', 0.000, 2, 0.000, 2.000, 349.000, 0.000, 99.926, 17485.912, 50.102),
(470, 31, '2021-06-16', 13, 'Venta', 0.000, 2, 0.000, 2.000, 19.000, 0.000, 80.208, 761.985, 40.104),
(471, 21, '2021-06-16', 13, 'Venta', 0.000, 2, 0.000, 2.000, 349.000, 0.000, 99.926, 17485.912, 50.102),
(472, 31, '2021-06-16', 13, 'Venta', 0.000, 2, 0.000, 2.000, 19.000, 0.000, 80.208, 761.985, 40.104),
(473, 21, '2021-06-16', 13, 'Venta', 0.000, 2, 0.000, 2.000, 349.000, 0.000, 99.926, 17485.912, 50.102),
(474, 31, '2021-06-16', 13, 'Venta', 0.000, 2, 0.000, 2.000, 19.000, 0.000, 80.208, 761.985, 40.104),
(475, 21, '2021-06-16', 1, 'Venta', 0.000, 2, 0.000, 2.000, 349.000, 0.000, 99.926, 17485.912, 50.102),
(476, 31, '2021-06-16', 1, 'Venta', 0.000, 2, 0.000, 2.000, 19.000, 0.000, 80.208, 761.985, 40.104),
(477, 21, '2021-06-16', 1, 'Venta', 0.000, 2, 0.000, 2.000, 349.000, 0.000, 99.926, 17485.912, 50.102),
(478, 31, '2021-06-16', 1, 'Venta', 0.000, 2, 0.000, 2.000, 19.000, 0.000, 80.208, 761.985, 40.104),
(479, 27, '2021-06-16', 2, 'Compra', 30.000, 40, 40.000, 0.000, 40.000, 1200.000, 0.000, 1200.917, 30.917),
(480, 21, '2021-06-16', 1, 'Venta', 0.000, 2, 0.000, 2.000, 347.000, 0.000, 100.204, 17385.708, 50.103),
(481, 31, '2021-06-16', 1, 'Venta', 0.000, 2, 0.000, 2.000, 17.000, 0.000, 80.208, 681.777, 40.104),
(482, 27, '2021-06-16', 1, 'Venta', 0.000, 1, 0.000, 1.000, 39.000, 0.000, 30.023, 1280.974, 32.775),
(483, 5, '2021-06-16', 1, 'Venta', 0.000, 1, 0.000, 1.000, 39.000, 0.000, 75.517, 2945.155, 75.517),
(484, 17, '2021-06-16', 1, 'Venta', 0.000, 3, 0.000, 3.000, 211.000, 0.000, 286.392, 20142.644, 95.463),
(485, 29, '2021-06-16', 1, 'Venta', 0.000, 1, 0.000, 1.000, 110.000, 0.000, 39.073, 4298.000, 39.073),
(486, 30, '2021-06-16', 1, 'Venta', 0.000, 1, 0.000, 1.000, 52.000, 0.000, 39.538, 2055.963, 39.538),
(487, 2, '2021-06-16', 1, 'Venta', 0.000, 1, 0.000, 1.000, 95.000, 0.000, 76.159, 7252.151, 76.337),
(488, 10, '2021-06-16', 1, 'Venta', 0.000, 1, 0.000, 1.000, 8.000, 0.000, 205.668, 1645.353, 205.669),
(489, 23, '2021-06-16', 1, 'Venta', 0.000, 1, 0.000, 1.000, 112.000, 0.000, 44.504, 4984.455, 44.504),
(490, 24, '2021-06-16', 1, 'Venta', 0.000, 1, 0.000, 1.000, 14.000, 0.000, 32.129, 451.504, 32.242),
(491, 32, '2021-06-16', 1, 'Venta', 0.000, 1, 0.000, 1.000, 35.000, 0.000, 44.053, 1541.547, 44.044),
(492, 32, '2021-06-16', 1, 'Venta', 0.000, 1, 0.000, 1.000, 34.000, 0.000, 44.044, 1497.503, 44.044),
(493, 27, '2021-06-16', 1, 'Venta', 0.000, 1, 0.000, 1.000, 38.000, 0.000, 32.775, 1248.199, 32.845),
(494, 21, '2021-06-16', 1, 'Venta', 0.000, 1, 0.000, 1.000, 346.000, 0.000, 50.103, 17335.605, 50.103),
(495, 28, '2021-06-16', 1, 'Venta', 0.000, 1, 0.000, 1.000, 30.000, 0.000, 50.143, 1504.277, 50.143),
(496, 24, '2021-06-16', 1, 'Venta', 0.000, 1, 0.000, 1.000, 13.000, 0.000, 32.242, 419.262, 32.250),
(497, 27, '2021-06-16', 1, 'Venta', 0.000, 1, 0.000, 1.000, 37.000, 0.000, 32.845, 1215.354, 32.847),
(498, 24, '2021-06-17', 1, 'Venta', 0.000, 1, 0.000, 1.000, 12.000, 0.000, 32.250, 387.012, 32.251),
(499, 21, '2021-06-17', 1, 'Venta', 0.000, 1, 0.000, 1.000, 345.000, 0.000, 50.103, 17285.502, 50.103),
(500, 22, '2021-06-17', 1, 'Venta', 0.000, 1, 0.000, 1.000, 59.000, 0.000, 40.030, 2361.801, 40.031),
(501, 29, '2021-06-17', 1, 'Venta', 0.000, 1, 0.000, 1.000, 109.000, 0.000, 39.073, 4258.927, 39.073),
(502, 30, '2021-06-17', 1, 'Venta', 0.000, 1, 0.000, 1.000, 51.000, 0.000, 39.538, 2016.425, 39.538),
(503, 27, '2021-06-17', 1, 'Venta', 0.000, 1, 0.000, 1.000, 36.000, 0.000, 32.847, 1182.507, 32.847),
(504, 27, '2021-06-17', 1, 'Venta', 0.000, 1, 0.000, 1.000, 35.000, 0.000, 32.847, 1149.660, 32.847),
(505, 21, '2021-06-17', 1, 'Venta', 0.000, 5, 0.000, 5.000, 340.000, 0.000, 250.515, 17034.987, 50.103),
(506, 32, '2021-06-17', 1, 'Venta', 0.000, 1, 0.000, 1.000, 33.000, 0.000, 44.044, 1453.459, 44.044),
(507, 23, '2021-06-17', 1, 'Venta', 0.000, 1, 0.000, 1.000, 111.000, 0.000, 44.504, 4939.951, 44.504),
(508, 25, '2021-06-17', 1, 'Venta', 0.000, 1, 0.000, 1.000, 24.000, 0.000, 45.124, 1082.967, 45.124),
(509, 28, '2021-06-17', 1, 'Venta', 0.000, 1, 0.000, 1.000, 29.000, 0.000, 50.143, 1454.134, 50.143),
(510, 23, '2021-06-17', 1, 'Venta', 0.000, 1, 0.000, 1.000, 110.000, 0.000, 44.504, 4895.447, 44.504),
(511, 21, '2021-06-17', 1, 'Venta', 0.000, 1, 0.000, 1.000, 339.000, 0.000, 50.103, 16984.884, 50.103),
(512, 2, '2021-06-17', 1, 'Venta', 0.000, 1, 0.000, 1.000, 94.000, 0.000, 76.337, 7175.814, 76.338),
(513, 21, '2021-06-17', 1, 'Venta', 0.000, 1, 0.000, 1.000, 338.000, 0.000, 50.103, 16934.781, 50.103);
INSERT INTO `Inventario` (`id_inventario`, `id_producto`, `fecha_inv`, `numero_factura`, `detalle`, `precio_compra`, `unidades`, `entrada_fisica`, `salida_fisica`, `saldo_fisica`, `entrada_valorado`, `salida_valorado`, `saldo_valorado`, `promedio`) VALUES
(514, 30, '2021-06-17', 1, 'Venta', 0.000, 1, 0.000, 1.000, 50.000, 0.000, 39.538, 1976.887, 39.538),
(515, 9, '2021-06-17', 1, 'Venta', 0.000, 1, 0.000, 1.000, 74.000, 0.000, 141.041, 10437.024, 141.041),
(516, 24, '2021-06-17', 1, 'Venta', 0.000, 1, 0.000, 1.000, 11.000, 0.000, 32.251, 354.761, 32.251),
(517, 27, '2021-06-17', 1, 'Venta', 0.000, 1, 0.000, 1.000, 34.000, 0.000, 32.847, 1116.813, 32.847),
(518, 29, '2021-06-17', 1, 'Venta', 0.000, 1, 0.000, 1.000, 108.000, 0.000, 39.073, 4219.854, 39.073),
(519, 30, '2021-06-17', 1, 'Venta', 0.000, 1, 0.000, 1.000, 49.000, 0.000, 39.538, 1937.349, 39.538),
(520, 19, '2021-06-17', 1, 'Venta', 0.000, 4, 0.000, 4.000, 2.000, 0.000, 694.288, 347.169, 173.576),
(521, 21, '2021-06-17', 1, 'Venta', 0.000, 2, 0.000, 2.000, 336.000, 0.000, 100.206, 16834.575, 50.103),
(522, 27, '2021-06-17', 1, 'Venta', 0.000, 1, 0.000, 1.000, 33.000, 0.000, 32.847, 1083.966, 32.847),
(523, 17, '2021-06-27', 1, 'Venta', 0.000, 20, 0.000, 20.000, 191.000, 0.000, 1909.260, 18233.384, 95.463),
(524, 17, '2021-06-27', 2, 'Venta', 0.000, 20, 0.000, 20.000, 171.000, 0.000, 1909.260, 16324.124, 95.463),
(525, 16, '2021-06-27', 3, 'Venta', 0.000, 3, 0.000, 3.000, 248.000, 0.000, 248.673, 20557.096, 82.892),
(526, 17, '2021-06-27', 3, 'Venta', 0.000, 3, 0.000, 3.000, 168.000, 0.000, 286.389, 16037.735, 95.463),
(527, 10, '2021-06-27', 3, 'Venta', 0.000, 1, 0.000, 1.000, 7.000, 0.000, 205.669, 1439.684, 205.669);

-- --------------------------------------------------------

--
-- Estructura de tabla para la tabla `Objetivos`
--

CREATE TABLE `Objetivos` (
  `id_obj` int(11) NOT NULL,
  `nombre` varchar(50) CHARACTER SET latin1 NOT NULL,
  `cantidad` decimal(6,0) NOT NULL,
  `fecha_inicio` date NOT NULL,
  `fecha_final` date NOT NULL,
  `detalle` varchar(50) CHARACTER SET latin1 NOT NULL
) ENGINE=MyISAM DEFAULT CHARSET=utf8 COLLATE=utf8_spanish_ci;

-- --------------------------------------------------------

--
-- Estructura de tabla para la tabla `Producto`
--

CREATE TABLE `Producto` (
  `id_producto` int(11) NOT NULL,
  `nombre_producto` varchar(50) COLLATE utf8_spanish_ci NOT NULL,
  `id_tipo_producto` int(11) NOT NULL,
  `stock` decimal(10,0) NOT NULL,
  `stock_valorado` decimal(10,3) NOT NULL,
  `promedio` decimal(10,3) NOT NULL,
  `precio_venta` decimal(10,3) NOT NULL,
  `producto_alerta` decimal(10,0) NOT NULL
) ENGINE=InnoDB DEFAULT CHARSET=utf8 COLLATE=utf8_spanish_ci;

--
-- Volcado de datos para la tabla `Producto`
--

INSERT INTO `Producto` (`id_producto`, `nombre_producto`, `id_tipo_producto`, `stock`, `stock_valorado`, `promedio`, `precio_venta`, `producto_alerta`) VALUES
(2, 'Maltin lata', 1, 94, 7175.814, 76.338, 76.000, 20),
(4, 'Inca lata', 1, 8, 838.451, 104.805, 105.000, 2),
(5, 'Taquiña lata', 1, 39, 2945.155, 75.517, 76.000, 5),
(6, 'Báltica ', 1, 21, 1995.266, 95.120, 95.000, 5),
(7, 'Ducal ', 1, 0, -0.282, 101.471, 106.000, 5),
(9, 'Paceña lata', 1, 74, 10437.024, 141.041, 140.000, 30),
(10, 'Corona', 1, 7, 1439.684, 205.669, 205.000, 5),
(11, 'Huari 330', 1, 23, 4742.179, 205.360, 205.000, 3),
(12, 'Huari Miel', 1, 40, 8208.408, 205.210, 205.000, 3),
(13, 'Pico Oro', 1, 6, 1237.000, 203.000, 203.000, 2),
(14, 'Pico Plata', 1, 9, 1584.534, 176.000, 175.000, 2),
(15, 'Huari Lata', 1, 2, 311.830, 140.000, 140.000, 1),
(16, 'Brahama x12', 1, 248, 20557.096, 82.892, 43.000, 2),
(17, 'Paceñita x24', 1, 168, 16037.735, 95.463, 96.000, 20),
(18, 'Inca 620', 1, 5, 592.000, 117.000, 117.000, 1),
(19, 'Tropical 620', 1, 2, 347.169, 173.576, 128.000, 20),
(20, 'Taquiña 620', 1, 114, 7990.735, 73.150, 75.000, 1),
(21, 'Pepsi 3litros', 2, 336, 16834.575, 50.103, 50.000, 20),
(22, 'Pepsi 2litros', 2, 59, 2361.801, 40.031, 40.000, 10),
(23, 'Pepsi 1litro', 2, 110, 4895.447, 44.504, 46.000, 2),
(24, 'Pepsi 500ml', 2, 11, 354.761, 32.251, 32.000, 2),
(25, 'Oriental 3litros', 2, 24, 1082.967, 45.124, 45.000, 2),
(26, 'Guaraná 3litros', 2, 2, 143.955, 71.978, 68.000, 2),
(27, 'Guaraná 500ml', 2, 33, 1083.966, 32.847, 30.000, 2),
(28, '7up 3litros', 2, 29, 1454.134, 50.143, 50.000, 2),
(29, 'Gatorade Rojo', 2, 108, 4219.854, 39.073, 40.000, 5),
(30, 'Gatorade Azul', 2, 49, 1937.349, 39.538, 40.000, 2),
(31, 'Guaraná 1lt.', 2, 17, 681.777, 40.104, 46.000, 10),
(32, 'Guaraná 2litros', 2, 33, 1453.459, 44.044, 47.000, 2);

-- --------------------------------------------------------

--
-- Estructura de tabla para la tabla `Proveedor`
--

CREATE TABLE `Proveedor` (
  `id_proveedor` int(11) NOT NULL,
  `nombre` varchar(50) COLLATE utf8_spanish_ci NOT NULL,
  `direccion` varchar(100) COLLATE utf8_spanish_ci NOT NULL,
  `contacto` varchar(50) COLLATE utf8_spanish_ci NOT NULL,
  `telefono` int(10) NOT NULL
) ENGINE=InnoDB DEFAULT CHARSET=utf8 COLLATE=utf8_spanish_ci;

--
-- Volcado de datos para la tabla `Proveedor`
--

INSERT INTO `Proveedor` (`id_proveedor`, `nombre`, `direccion`, `contacto`, `telefono`) VALUES
(1, 'Cbn', 'Zona Franca Pando', 'Fernando', 0);

-- --------------------------------------------------------

--
-- Estructura de tabla para la tabla `Reporte_Log`
--

CREATE TABLE `Reporte_Log` (
  `id_reporte` int(11) NOT NULL,
  `fecha` timestamp NOT NULL DEFAULT current_timestamp() ON UPDATE current_timestamp(),
  `descripcion` varchar(1000) CHARACTER SET latin1 NOT NULL
) ENGINE=MyISAM DEFAULT CHARSET=utf8 COLLATE=utf8_spanish_ci;

-- --------------------------------------------------------

--
-- Estructura de tabla para la tabla `Tipo_producto`
--

CREATE TABLE `Tipo_producto` (
  `id_tipoproducto` int(11) NOT NULL,
  `nombre_tipo_producto` varchar(20) COLLATE utf8_spanish_ci NOT NULL
) ENGINE=InnoDB DEFAULT CHARSET=utf8 COLLATE=utf8_spanish_ci;

--
-- Volcado de datos para la tabla `Tipo_producto`
--

INSERT INTO `Tipo_producto` (`id_tipoproducto`, `nombre_tipo_producto`) VALUES
(1, 'Cerveza'),
(2, 'Gaseosas');

-- --------------------------------------------------------

--
-- Estructura de tabla para la tabla `Usuario`
--

CREATE TABLE `Usuario` (
  `id_usuario` int(11) NOT NULL,
  `nombre` varchar(50) COLLATE utf8_spanish_ci NOT NULL,
  `usuario` varchar(20) CHARACTER SET latin1 NOT NULL,
  `contrasena` varchar(15) CHARACTER SET latin1 NOT NULL,
  `telefono` int(12) NOT NULL,
  `estado` varchar(10) CHARACTER SET latin1 NOT NULL,
  `direccion` varchar(50) CHARACTER SET latin1 NOT NULL
) ENGINE=InnoDB DEFAULT CHARSET=utf8 COLLATE=utf8_spanish_ci;

-- --------------------------------------------------------

--
-- Estructura de tabla para la tabla `Vendedores`
--

CREATE TABLE `Vendedores` (
  `id_vendedor` int(11) NOT NULL,
  `nombre` varchar(50) COLLATE utf8_spanish_ci NOT NULL,
  `telefono` int(9) NOT NULL,
  `direccion` varchar(100) COLLATE utf8_spanish_ci NOT NULL,
  `numero_cuenta` varchar(20) COLLATE utf8_spanish_ci NOT NULL,
  `cedula_identidad` varchar(12) COLLATE utf8_spanish_ci NOT NULL,
  `usuario` varchar(30) COLLATE utf8_spanish_ci NOT NULL,
  `password` varchar(30) COLLATE utf8_spanish_ci NOT NULL
) ENGINE=InnoDB DEFAULT CHARSET=utf8 COLLATE=utf8_spanish_ci;

--
-- Volcado de datos para la tabla `Vendedores`
--

INSERT INTO `Vendedores` (`id_vendedor`, `nombre`, `telefono`, `direccion`, `numero_cuenta`, `cedula_identidad`, `usuario`, `password`) VALUES
(2, 'Richard Poma Quispe', 67668544, 'B. Pantanal Av. Las Dalias', '1000002692621', '6955691 lp', 'richardpoma', 'richard321'),
(5, 'test', 79887148, 'radial 26', '9999999', '5888734', 'test', 'test798'),
(6, 'Ruddy Chavez', 74768028, 'B. Villa Cruz c/Pastor Valdiviezo', '10000034688553', '4314263', 'ruddy', 'ruddy321'),
(7, 'cbn', 2, 'barrio mapajo', '5', '3', 'cbn', 'cbn123');

-- --------------------------------------------------------

--
-- Estructura de tabla para la tabla `Ventas`
--

CREATE TABLE `Ventas` (
  `id_venta` int(11) NOT NULL,
  `fecha` date NOT NULL,
  `hora` timestamp NOT NULL DEFAULT current_timestamp() ON UPDATE current_timestamp(),
  `numero_factura` int(15) NOT NULL,
  `id_cliente` int(11) NOT NULL,
  `id_vendedor` int(11) NOT NULL,
  `tipo_venta` varchar(20) COLLATE utf8_spanish_ci NOT NULL,
  `saldo` decimal(8,3) NOT NULL,
  `total` decimal(10,3) NOT NULL,
  `fecha_entrega` date NOT NULL,
  `estado` varchar(20) COLLATE utf8_spanish_ci NOT NULL,
  `observacion` varchar(250) COLLATE utf8_spanish_ci NOT NULL
) ENGINE=InnoDB DEFAULT CHARSET=utf8 COLLATE=utf8_spanish_ci;

--
-- Volcado de datos para la tabla `Ventas`
--

INSERT INTO `Ventas` (`id_venta`, `fecha`, `hora`, `numero_factura`, `id_cliente`, `id_vendedor`, `tipo_venta`, `saldo`, `total`, `fecha_entrega`, `estado`, `observacion`) VALUES
(1, '2021-05-06', '2021-05-06 13:22:37', 1, 1, 2, 'Contado', 0.000, 245.000, '2021-05-06', 'Entregado', 'No'),
(2, '2021-05-06', '2021-05-06 13:23:01', 2, 1, 2, 'Contado', 0.000, 490.000, '2021-05-06', 'Entregado', 'No'),
(3, '2021-05-06', '2021-05-06 13:30:13', 3, 1, 2, 'Contado', 0.000, 3960.000, '2021-05-06', 'Entregado', 'No'),
(4, '2021-05-06', '2021-05-06 14:04:27', 1, 1, 6, 'Contado', 0.000, 150.000, '2021-05-06', 'Entregado', 'No'),
(5, '2021-05-06', '2021-05-11 18:40:43', 1, 1, 6, 'Contado', 0.000, 254.000, '2021-05-11', 'Entregado', ''),
(6, '2021-05-06', '2021-05-11 18:40:49', 1, 1, 6, 'Contado', 0.000, 138.000, '2021-05-11', 'Entregado', ''),
(7, '2021-05-06', '2021-05-11 18:41:42', 1, 1, 6, 'Contado', 0.000, 172.000, '2021-05-11', 'Entregado', ''),
(8, '2021-05-06', '2021-05-11 18:41:52', 1, 1, 6, 'Contado', 0.000, 407.000, '2021-05-11', 'Entregado', ''),
(9, '2021-05-06', '2021-05-11 18:41:57', 3, 1, 6, 'Contado', 0.000, 466.000, '2021-05-11', 'Entregado', ''),
(10, '2021-05-06', '2021-05-06 20:40:31', 3, 1, 6, 'Contado', 0.000, 415.000, '2021-05-06', 'Cancelado', ''),
(11, '2021-05-06', '2021-05-11 18:42:03', 3, 1, 6, 'Contado', 0.000, 268.000, '2021-05-11', 'Entregado', ''),
(12, '2021-05-06', '2021-05-11 18:40:30', 2, 1, 6, 'Contado', 0.000, 400.000, '2021-05-11', 'Entregado', ''),
(13, '2021-05-07', '2021-05-07 22:34:14', 1, 1, 6, 'Contado', 0.000, 2820.000, '2021-05-07', 'Entregado', 'No'),
(14, '2021-05-07', '2021-05-07 22:36:07', 2, 1, 6, 'Contado', 0.000, 1137.500, '2021-05-07', 'Entregado', 'No'),
(16, '2021-05-10', '2021-05-10 13:42:29', 1, 1, 2, 'Contado', 0.000, 4304.000, '2021-05-10', 'Entregado', 'No'),
(17, '2021-05-10', '2021-05-10 13:44:53', 2, 1, 2, 'Contado', 0.000, 1816.000, '2021-05-10', 'Entregado', 'No'),
(18, '2021-05-10', '2021-05-10 13:46:05', 3, 1, 2, 'Contado', 0.000, 232.000, '2021-05-10', 'Entregado', 'No'),
(19, '2021-05-10', '2021-05-10 22:22:58', 1, 1, 6, 'Contado', 0.000, 122.000, '2021-05-10', 'Entregado', 'No'),
(20, '2021-05-10', '2021-05-10 22:23:55', 1, 1, 6, 'Contado', 0.000, 520.000, '2021-05-10', 'Entregado', 'No'),
(21, '2021-05-10', '2021-05-10 22:35:30', 2, 1, 6, 'Contado', 0.000, 182.000, '2021-05-10', 'Entregado', 'No'),
(22, '2021-05-10', '2021-05-10 22:48:43', 1, 1, 6, 'Contado', 0.000, 126.000, '2021-05-10', 'Entregado', 'No'),
(23, '2021-05-10', '2021-05-10 23:04:59', 1, 1, 6, 'Contado', 0.000, 529.000, '2021-05-10', 'Entregado', 'No'),
(24, '2021-05-10', '2021-05-10 23:22:11', 3, 1, 6, 'Credito', 0.000, 500.000, '2021-05-10', 'Entregado', 'No'),
(25, '2021-05-11', '2021-05-11 15:19:49', 1, 1, 6, 'Contado', 0.000, 916.000, '2021-05-11', 'Entregado', 'No'),
(26, '2021-05-11', '2021-05-11 18:15:56', 1, 2, 5, 'Contado', 0.000, 80800.000, '2021-05-11', 'Entregado', 'No'),
(27, '2021-05-11', '2021-05-11 21:06:15', 4, 1, 2, 'Contado', 0.000, 3750.000, '2021-05-11', 'Entregado', 'No'),
(28, '2021-05-11', '2021-05-11 21:37:15', 3, 1, 6, 'Contado', 0.000, 1200.000, '2021-05-11', 'Entregado', 'No'),
(29, '2021-05-11', '2021-05-11 22:03:30', 3, 2, 5, 'Credito', 67500.000, 67500.000, '2021-05-11', 'Entregado', 'No'),
(30, '2021-05-11', '2021-05-11 22:12:28', 3, 1, 6, 'Contado', 0.000, 795.000, '2021-05-11', 'Entregado', 'No'),
(31, '2021-05-11', '2021-05-11 22:15:05', 1, 1, 6, 'Contado', 0.000, 163.000, '2021-05-11', 'Entregado', 'No'),
(32, '2021-05-11', '2021-05-11 22:45:06', 3, 1, 6, 'Contado', 0.000, 424.000, '2021-05-11', 'Entregado', 'No'),
(33, '2021-05-11', '2021-05-11 23:31:59', 1, 1, 6, 'Contado', 0.000, 80.000, '2021-05-11', 'Entregado', 'No'),
(34, '2021-05-12', '2021-05-12 14:37:51', 5, 1, 2, 'Contado', 0.000, 245.000, '2021-05-12', 'Entregado', 'No'),
(35, '2021-05-12', '2021-05-12 14:38:26', 6, 1, 2, 'Contado', 0.000, 95.000, '2021-05-12', 'Entregado', 'No'),
(36, '2021-05-12', '2021-05-12 20:14:02', 3, 1, 6, 'Contado', 0.000, 40.000, '2021-05-12', 'Entregado', 'No'),
(38, '2021-05-12', '2021-05-12 20:22:21', 1, 1, 6, 'Contado', 0.000, 280.000, '2021-05-12', 'Entregado', 'No'),
(39, '2021-05-12', '2021-05-12 20:32:11', 3, 1, 6, 'Contado', 0.000, 400.000, '2021-05-12', 'Entregado', 'No'),
(40, '2021-05-12', '2021-05-12 20:37:03', 6, 1, 2, 'Contado', 0.000, 3350.000, '2021-05-12', 'Entregado', 'No'),
(41, '2021-05-12', '2021-05-13 00:11:34', 3, 1, 6, 'Contado', 0.000, 895.000, '2021-05-12', 'Entregado', 'No'),
(42, '2021-05-12', '2021-05-13 00:14:55', 3, 1, 6, 'Contado', 0.000, 1017.000, '2021-05-12', 'Entregado', 'No'),
(43, '2021-05-12', '2021-05-13 00:16:03', 36, 1, 6, 'Contado', 0.000, 270.000, '2021-05-12', 'Entregado', 'No'),
(44, '2021-05-12', '2021-05-13 00:16:35', 3, 1, 6, 'Contado', 0.000, 302.000, '2021-05-12', 'Entregado', 'No'),
(45, '2021-05-13', '2021-05-13 14:21:12', 7, 1, 2, 'Contado', 0.000, 546.000, '2021-05-13', 'Entregado', 'No'),
(46, '2021-05-13', '2021-05-13 14:22:10', 8, 1, 2, 'Contado', 0.000, 1185.000, '2021-05-13', 'Entregado', 'No'),
(47, '2021-05-13', '2021-05-13 20:43:02', 9, 1, 2, 'Contado', 0.000, 283.000, '2021-05-13', 'Entregado', 'No'),
(48, '2021-05-13', '2021-05-13 20:43:51', 10, 1, 2, 'Contado', 0.000, 595.000, '2021-05-13', 'Entregado', 'No'),
(49, '2021-05-13', '2021-05-13 22:14:06', 3, 1, 6, 'Contado', 0.000, 150.000, '2021-05-13', 'Entregado', 'No'),
(50, '2021-05-13', '2021-05-13 22:31:48', 3, 1, 6, 'Contado', 0.000, 1035.000, '2021-05-13', 'Entregado', 'No'),
(51, '2021-05-13', '2021-05-13 22:49:27', 6, 1, 6, 'Contado', 0.000, 464.000, '2021-05-13', 'Entregado', 'No'),
(52, '2021-05-13', '2021-05-13 23:12:12', 2, 1, 6, 'Contado', 0.000, 416.000, '2021-05-13', 'Entregado', 'No'),
(53, '2021-05-13', '2021-05-13 23:43:43', 3, 1, 6, 'Contado', 0.000, 300.000, '2021-05-13', 'Entregado', 'No'),
(54, '2021-05-14', '2021-05-14 17:06:29', 3, 3, 6, 'Contado', 0.000, 558.000, '2021-05-14', 'Entregado', 'No'),
(55, '2021-05-14', '2021-05-14 20:23:15', 12, 1, 6, 'Contado', 0.000, 218.000, '2021-05-14', 'Entregado', 'No'),
(56, '2021-05-14', '2021-05-14 21:55:34', 11, 1, 2, 'Contado', 0.000, 1664.000, '2021-05-14', 'Entregado', 'No'),
(57, '2021-05-17', '2021-05-17 15:48:21', 3, 1, 6, 'Contado', 0.000, 670.000, '2021-05-17', 'Entregado', 'No'),
(58, '2021-05-17', '2021-05-17 15:49:21', 3, 1, 6, 'Contado', 0.000, 254.000, '2021-05-17', 'Entregado', 'No'),
(59, '2021-05-17', '2021-05-17 15:52:48', 3, 1, 6, 'Contado', 0.000, 577.000, '2021-05-17', 'Entregado', 'No'),
(60, '2021-05-17', '2021-05-17 15:54:41', 3, 1, 6, 'Contado', 0.000, 218.000, '2021-05-17', 'Entregado', 'No'),
(61, '2021-05-17', '2021-05-17 15:57:05', 3, 1, 6, 'Contado', 0.000, 80.000, '2021-05-17', 'Entregado', 'No'),
(62, '2021-05-17', '2021-05-17 15:58:36', 3, 1, 6, 'Contado', 0.000, 118.000, '2021-05-17', 'Entregado', 'No'),
(63, '2021-05-17', '2021-05-17 20:27:21', 2, 1, 6, 'Contado', 0.000, 725.000, '2021-05-17', 'Entregado', 'No'),
(64, '2021-05-17', '2021-05-17 20:27:59', 2, 1, 6, 'Contado', 0.000, 82.000, '2021-05-17', 'Entregado', 'No'),
(65, '2021-05-17', '2021-05-17 20:28:39', 6, 1, 6, 'Contado', 0.000, 285.000, '2021-05-17', 'Entregado', 'No'),
(66, '2021-05-17', '2021-05-17 20:32:57', 1, 1, 6, 'Contado', 0.000, 105.000, '2021-05-17', 'Entregado', 'No'),
(67, '2021-05-17', '2021-05-17 20:47:58', 3, 1, 6, 'Contado', 0.000, 161.000, '2021-05-17', 'Entregado', 'No'),
(68, '2021-05-17', '2021-05-17 20:56:41', 3, 1, 6, 'Contado', 0.000, 100.000, '2021-05-17', 'Entregado', 'No'),
(69, '2021-05-17', '2021-05-17 20:59:19', 3, 1, 6, 'Contado', 0.000, 155.000, '2021-05-17', 'Entregado', 'No'),
(70, '2021-05-17', '2021-05-17 21:16:36', 3, 1, 6, 'Contado', 0.000, 336.000, '2021-05-17', 'Entregado', 'No'),
(71, '2021-05-17', '2021-05-17 21:23:58', 1, 1, 6, 'Contado', 0.000, 495.000, '2021-05-17', 'Entregado', 'No'),
(72, '2021-05-17', '2021-05-17 22:05:35', 3, 1, 6, 'Contado', 0.000, 75.000, '2021-05-17', 'Entregado', 'No'),
(73, '2021-05-17', '2021-05-17 22:06:11', 3, 1, 6, 'Contado', 0.000, 126.000, '2021-05-17', 'Entregado', 'No'),
(74, '2021-05-17', '2021-05-17 22:06:32', 3, 1, 6, 'Contado', 0.000, 30.000, '2021-05-17', 'Entregado', 'No'),
(75, '2021-05-18', '2021-05-18 22:03:26', 4, 1, 6, 'Contado', 0.000, 1270.000, '2021-05-18', 'Entregado', 'No'),
(76, '2021-05-18', '2021-05-18 22:25:41', 1, 1, 6, 'Contado', 0.000, 400.000, '2021-05-18', 'Entregado', 'No'),
(77, '2021-05-18', '2021-05-18 22:26:21', 1, 1, 6, 'Contado', 0.000, 200.000, '2021-05-18', 'Entregado', 'No'),
(78, '2021-05-18', '2021-05-18 22:45:42', 6, 1, 6, 'Contado', 0.000, 106.000, '2021-05-18', 'Entregado', 'No'),
(79, '2021-05-18', '2021-05-18 22:47:12', 1, 1, 6, 'Contado', 0.000, 1156.000, '2021-05-18', 'Entregado', 'No'),
(80, '2021-05-18', '2021-05-18 23:27:41', 1, 1, 6, 'Contado', 0.000, 50.000, '2021-05-18', 'Entregado', 'No'),
(81, '2021-05-18', '2021-05-18 23:28:06', 1, 1, 6, 'Contado', 0.000, 100.000, '2021-05-18', 'Entregado', 'No'),
(82, '2021-05-19', '2021-05-19 19:37:56', 1, 1, 6, 'Contado', 0.000, 80.000, '2021-05-19', 'Entregado', 'No'),
(83, '2021-05-19', '2021-05-19 19:38:15', 3, 1, 6, 'Contado', 0.000, 30.000, '2021-05-19', 'Entregado', 'No'),
(84, '2021-05-19', '2021-05-19 19:39:20', 1, 1, 6, 'Contado', 0.000, 60.000, '2021-05-19', 'Entregado', 'No'),
(85, '2021-05-19', '2021-05-19 21:02:53', 1, 1, 6, 'Contado', 0.000, 136.000, '2021-05-19', 'Entregado', 'No'),
(86, '2021-05-19', '2021-05-19 21:03:56', 1, 1, 6, 'Contado', 0.000, 167.000, '2021-05-19', 'Entregado', 'No'),
(87, '2021-05-20', '2021-05-20 21:20:33', 3, 1, 6, 'Contado', 0.000, 488.000, '2021-05-20', 'Entregado', 'No'),
(88, '2021-05-20', '2021-05-20 21:58:42', 3, 1, 6, 'Contado', 0.000, 250.000, '2021-05-20', 'Entregado', 'No'),
(89, '2021-05-21', '2021-05-21 04:23:44', 15, 63, 2, 'Contado', 0.000, 465.000, '2021-05-21', 'Entregado', 'No'),
(90, '2021-05-21', '2021-05-21 04:25:34', 16, 61, 2, 'Contado', 0.000, 5537.000, '2021-05-21', 'Entregado', 'No'),
(91, '2021-05-21', '2021-05-21 04:26:19', 17, 67, 2, 'Contado', 0.000, 1500.000, '2021-05-21', 'Entregado', 'No'),
(92, '2021-05-21', '2021-05-21 04:27:46', 18, 65, 2, 'Contado', 0.000, 172.000, '2021-05-21', 'Entregado', 'No'),
(93, '2021-05-21', '2021-05-21 04:28:38', 19, 64, 2, 'Contado', 0.000, 92.000, '2021-05-21', 'Entregado', 'No'),
(94, '2021-05-21', '2021-05-21 04:29:42', 20, 60, 2, 'Contado', 0.000, 46.000, '2021-05-21', 'Entregado', 'No'),
(95, '2021-05-21', '2021-05-21 04:32:46', 21, 58, 2, 'Contado', 0.000, 3136.000, '2021-05-21', 'Entregado', 'No'),
(96, '2021-05-21', '2021-05-21 04:47:28', 23, 52, 2, 'Contado', 0.000, 3460.000, '2021-05-21', 'Entregado', 'x mayorista'),
(97, '2021-05-21', '2021-05-21 04:48:05', 22, 1, 2, 'Contado', 0.000, 5120.000, '2021-05-21', 'Entregado', 'No'),
(98, '2021-05-21', '2021-05-21 04:49:32', 24, 1, 2, 'Contado', 0.000, 861.000, '2021-05-21', 'Entregado', 'No'),
(99, '2021-05-21', '2021-05-21 04:50:21', 25, 1, 2, 'Contado', 0.000, 1500.000, '2021-05-21', 'Entregado', 'No'),
(100, '2021-05-21', '2021-05-21 04:51:07', 26, 1, 2, 'Contado', 0.000, 600.000, '2021-05-21', 'Entregado', 'No'),
(101, '2021-05-21', '2021-05-21 04:52:02', 27, 1, 2, 'Contado', 0.000, 390.000, '2021-05-21', 'Entregado', 'No'),
(102, '2021-05-21', '2021-05-21 04:53:02', 28, 1, 2, 'Contado', 0.000, 546.000, '2021-05-21', 'Entregado', 'No'),
(103, '2021-05-21', '2021-05-21 13:50:14', 29, 57, 2, 'Contado', 0.000, 3302.000, '2021-05-21', 'Entregado', 'No.'),
(104, '2021-05-25', '2021-05-25 14:32:49', 3, 1, 6, 'Contado', 0.000, 480.000, '2021-05-25', 'Entregado', 'No'),
(105, '2021-05-25', '2021-05-25 14:33:26', 1, 1, 6, 'Contado', 0.000, 480.000, '2021-05-25', 'Entregado', 'No'),
(106, '2021-05-25', '2021-05-25 14:33:54', 12, 1, 6, 'Contado', 0.000, 294.000, '2021-05-25', 'Entregado', 'No'),
(107, '2021-05-25', '2021-05-25 14:58:48', 1, 1, 6, 'Contado', 0.000, 572.000, '2021-05-25', 'Entregado', 'No'),
(108, '2021-05-25', '2021-05-25 15:52:19', 2, 1, 6, 'Contado', 0.000, 960.000, '2021-05-25', 'Entregado', 'No'),
(109, '2021-05-25', '2021-05-25 15:53:46', 1, 1, 6, 'Contado', 0.000, 912.000, '2021-05-25', 'Entregado', 'No'),
(110, '2021-05-25', '2021-05-25 15:54:44', 1, 1, 6, 'Contado', 0.000, 480.000, '2021-05-25', 'Entregado', 'No'),
(111, '2021-05-25', '2021-05-25 20:17:22', 1, 1, 6, 'Contado', 0.000, 480.000, '2021-05-25', 'Entregado', 'No'),
(112, '2021-05-25', '2021-05-25 20:17:47', 1, 1, 6, 'Contado', 0.000, 480.000, '2021-05-25', 'Entregado', 'No'),
(113, '2021-05-25', '2021-05-25 20:18:35', 1, 1, 6, 'Contado', 0.000, 480.000, '2021-05-25', 'Entregado', 'No'),
(114, '2021-05-25', '2021-05-25 20:19:11', 1, 1, 6, 'Contado', 0.000, 245.000, '2021-05-25', 'Entregado', 'No'),
(115, '2021-06-01', '2021-06-01 22:07:39', 1, 1, 6, 'Contado', 0.000, 500.000, '2021-06-01', 'Entregado', 'No'),
(116, '2021-06-01', '2021-06-01 22:08:00', 1, 1, 6, 'Contado', 0.000, 200.000, '2021-06-01', 'Entregado', 'No'),
(117, '2021-06-02', '2021-06-02 16:59:28', 1, 1, 6, 'Contado', 0.000, 770.000, '2021-06-02', 'Entregado', 'No'),
(118, '2021-06-03', '2021-06-04 00:00:29', 1, 1, 6, 'Contado', 0.000, 1920.000, '2021-06-03', 'Entregado', 'No'),
(120, '2021-06-08', '2021-06-08 13:42:36', 30, 52, 2, 'Contado', 0.000, 9600.000, '2021-06-08', 'Entregado', 'No'),
(121, '2021-06-16', '2021-06-16 14:12:29', 1, 1, 6, 'Contado', 0.000, 222.000, '2021-06-16', 'Entregado', 'No'),
(122, '2021-06-16', '2021-06-16 14:18:31', 1, 1, 6, 'Contado', 0.000, 832.000, '2021-06-16', 'Entregado', 'No'),
(123, '2021-06-16', '2021-06-16 14:20:08', 1, 1, 6, 'Contado', 0.000, 77.000, '2021-06-16', 'Entregado', 'No'),
(124, '2021-06-16', '2021-06-16 14:22:23', 1, 1, 6, 'Contado', 0.000, 162.000, '2021-06-16', 'Entregado', 'No'),
(125, '2021-06-17', '2021-06-17 17:23:46', 1, 1, 6, 'Contado', 0.000, 222.000, '2021-06-17', 'Entregado', 'No'),
(126, '2021-06-17', '2021-06-17 18:05:10', 1, 1, 6, 'Contado', 0.000, 30.000, '2021-06-17', 'Entregado', 'No'),
(128, '2021-06-17', '2021-06-17 18:08:42', 1, 1, 6, 'Contado', 0.000, 46.000, '2021-06-17', 'Entregado', 'No'),
(129, '2021-06-17', '2021-06-17 18:09:24', 1, 1, 6, 'Contado', 0.000, 126.000, '2021-06-17', 'Entregado', 'No'),
(130, '2021-06-17', '2021-06-17 23:22:38', 1, 1, 6, 'Contado', 0.000, 225.000, '2021-06-17', 'Entregado', 'No'),
(131, '2021-06-17', '2021-06-17 23:24:33', 1, 1, 6, 'Contado', 0.000, 140.000, '2021-06-17', 'Entregado', 'No'),
(132, '2021-06-17', '2021-06-17 23:25:35', 1, 1, 6, 'Contado', 0.000, 512.000, '2021-06-17', 'Entregado', 'No'),
(133, '2021-06-17', '2021-06-17 23:26:18', 1, 1, 6, 'Contado', 0.000, 130.000, '2021-06-17', 'Entregado', 'No'),
(134, '2021-06-27', '2021-06-27 19:55:28', 1, 1, 6, 'Contado', 0.000, 1740.000, '2021-06-27', 'Entregado', 'No'),
(135, '2021-06-27', '2021-06-27 19:56:38', 2, 1, 6, 'Contado', 0.000, 1740.000, '2021-06-27', 'Entregado', 'No'),
(136, '2021-06-27', '2021-06-27 19:58:06', 3, 1, 6, 'Contado', 0.000, 559.000, '2021-06-27', 'Entregado', 'No');

--
-- Índices para tablas volcadas
--

--
-- Indices de la tabla `Agenda`
--
ALTER TABLE `Agenda`
  ADD PRIMARY KEY (`id_agenda`);

--
-- Indices de la tabla `Cliente`
--
ALTER TABLE `Cliente`
  ADD PRIMARY KEY (`id_cliente`);

--
-- Indices de la tabla `Compras`
--
ALTER TABLE `Compras`
  ADD PRIMARY KEY (`id_compra`),
  ADD KEY `id_proveedor` (`id_proveedor`);

--
-- Indices de la tabla `Costos`
--
ALTER TABLE `Costos`
  ADD PRIMARY KEY (`id_costos`);

--
-- Indices de la tabla `Costo_fijo`
--
ALTER TABLE `Costo_fijo`
  ADD PRIMARY KEY (`id_cf`);

--
-- Indices de la tabla `Costo_variable`
--
ALTER TABLE `Costo_variable`
  ADD PRIMARY KEY (`id_cv`);

--
-- Indices de la tabla `DetalleCompra`
--
ALTER TABLE `DetalleCompra`
  ADD PRIMARY KEY (`id_dc`);

--
-- Indices de la tabla `DetalleVenta`
--
ALTER TABLE `DetalleVenta`
  ADD PRIMARY KEY (`id_dv`),
  ADD KEY `id_producto` (`id_producto`);

--
-- Indices de la tabla `Editar_venta`
--
ALTER TABLE `Editar_venta`
  ADD PRIMARY KEY (`id_ed_venta`),
  ADD KEY `id_vendedor` (`id_vendedor`),
  ADD KEY `id_venta` (`id_venta`);

--
-- Indices de la tabla `Inventario`
--
ALTER TABLE `Inventario`
  ADD PRIMARY KEY (`id_inventario`),
  ADD KEY `id_producto` (`id_producto`);

--
-- Indices de la tabla `Objetivos`
--
ALTER TABLE `Objetivos`
  ADD PRIMARY KEY (`id_obj`);

--
-- Indices de la tabla `Producto`
--
ALTER TABLE `Producto`
  ADD PRIMARY KEY (`id_producto`),
  ADD KEY `id_tipo_producto` (`id_tipo_producto`);

--
-- Indices de la tabla `Proveedor`
--
ALTER TABLE `Proveedor`
  ADD PRIMARY KEY (`id_proveedor`);

--
-- Indices de la tabla `Reporte_Log`
--
ALTER TABLE `Reporte_Log`
  ADD PRIMARY KEY (`id_reporte`);

--
-- Indices de la tabla `Tipo_producto`
--
ALTER TABLE `Tipo_producto`
  ADD PRIMARY KEY (`id_tipoproducto`);

--
-- Indices de la tabla `Usuario`
--
ALTER TABLE `Usuario`
  ADD PRIMARY KEY (`id_usuario`);

--
-- Indices de la tabla `Vendedores`
--
ALTER TABLE `Vendedores`
  ADD PRIMARY KEY (`id_vendedor`);

--
-- Indices de la tabla `Ventas`
--
ALTER TABLE `Ventas`
  ADD PRIMARY KEY (`id_venta`),
  ADD KEY `id_cliente` (`id_cliente`),
  ADD KEY `id_vendedor` (`id_vendedor`);

--
-- AUTO_INCREMENT de las tablas volcadas
--

--
-- AUTO_INCREMENT de la tabla `Agenda`
--
ALTER TABLE `Agenda`
  MODIFY `id_agenda` int(11) NOT NULL AUTO_INCREMENT;

--
-- AUTO_INCREMENT de la tabla `Cliente`
--
ALTER TABLE `Cliente`
  MODIFY `id_cliente` int(11) NOT NULL AUTO_INCREMENT, AUTO_INCREMENT=72;

--
-- AUTO_INCREMENT de la tabla `Compras`
--
ALTER TABLE `Compras`
  MODIFY `id_compra` int(11) NOT NULL AUTO_INCREMENT, AUTO_INCREMENT=12;

--
-- AUTO_INCREMENT de la tabla `Costos`
--
ALTER TABLE `Costos`
  MODIFY `id_costos` int(11) NOT NULL AUTO_INCREMENT;

--
-- AUTO_INCREMENT de la tabla `Costo_fijo`
--
ALTER TABLE `Costo_fijo`
  MODIFY `id_cf` int(11) NOT NULL AUTO_INCREMENT, AUTO_INCREMENT=17;

--
-- AUTO_INCREMENT de la tabla `Costo_variable`
--
ALTER TABLE `Costo_variable`
  MODIFY `id_cv` int(11) NOT NULL AUTO_INCREMENT, AUTO_INCREMENT=3;

--
-- AUTO_INCREMENT de la tabla `DetalleCompra`
--
ALTER TABLE `DetalleCompra`
  MODIFY `id_dc` int(11) NOT NULL AUTO_INCREMENT, AUTO_INCREMENT=49;

--
-- AUTO_INCREMENT de la tabla `DetalleVenta`
--
ALTER TABLE `DetalleVenta`
  MODIFY `id_dv` int(11) NOT NULL AUTO_INCREMENT, AUTO_INCREMENT=592;

--
-- AUTO_INCREMENT de la tabla `Editar_venta`
--
ALTER TABLE `Editar_venta`
  MODIFY `id_ed_venta` int(11) NOT NULL AUTO_INCREMENT;

--
-- AUTO_INCREMENT de la tabla `Inventario`
--
ALTER TABLE `Inventario`
  MODIFY `id_inventario` int(11) NOT NULL AUTO_INCREMENT, AUTO_INCREMENT=528;

--
-- AUTO_INCREMENT de la tabla `Objetivos`
--
ALTER TABLE `Objetivos`
  MODIFY `id_obj` int(11) NOT NULL AUTO_INCREMENT;

--
-- AUTO_INCREMENT de la tabla `Producto`
--
ALTER TABLE `Producto`
  MODIFY `id_producto` int(11) NOT NULL AUTO_INCREMENT, AUTO_INCREMENT=33;

--
-- AUTO_INCREMENT de la tabla `Proveedor`
--
ALTER TABLE `Proveedor`
  MODIFY `id_proveedor` int(11) NOT NULL AUTO_INCREMENT, AUTO_INCREMENT=2;

--
-- AUTO_INCREMENT de la tabla `Reporte_Log`
--
ALTER TABLE `Reporte_Log`
  MODIFY `id_reporte` int(11) NOT NULL AUTO_INCREMENT;

--
-- AUTO_INCREMENT de la tabla `Tipo_producto`
--
ALTER TABLE `Tipo_producto`
  MODIFY `id_tipoproducto` int(11) NOT NULL AUTO_INCREMENT, AUTO_INCREMENT=3;

--
-- AUTO_INCREMENT de la tabla `Usuario`
--
ALTER TABLE `Usuario`
  MODIFY `id_usuario` int(11) NOT NULL AUTO_INCREMENT;

--
-- AUTO_INCREMENT de la tabla `Vendedores`
--
ALTER TABLE `Vendedores`
  MODIFY `id_vendedor` int(11) NOT NULL AUTO_INCREMENT, AUTO_INCREMENT=8;

--
-- AUTO_INCREMENT de la tabla `Ventas`
--
ALTER TABLE `Ventas`
  MODIFY `id_venta` int(11) NOT NULL AUTO_INCREMENT, AUTO_INCREMENT=145;

--
-- Restricciones para tablas volcadas
--

--
-- Filtros para la tabla `Compras`
--
ALTER TABLE `Compras`
  ADD CONSTRAINT `Compras_ibfk_1` FOREIGN KEY (`id_proveedor`) REFERENCES `Proveedor` (`id_proveedor`);

--
-- Filtros para la tabla `DetalleVenta`
--
ALTER TABLE `DetalleVenta`
  ADD CONSTRAINT `DetalleVenta_ibfk_1` FOREIGN KEY (`id_producto`) REFERENCES `Producto` (`id_producto`);

--
-- Filtros para la tabla `Inventario`
--
ALTER TABLE `Inventario`
  ADD CONSTRAINT `Inventario_ibfk_1` FOREIGN KEY (`id_producto`) REFERENCES `Producto` (`id_producto`);

--
-- Filtros para la tabla `Producto`
--
ALTER TABLE `Producto`
  ADD CONSTRAINT `Producto_ibfk_2` FOREIGN KEY (`id_tipo_producto`) REFERENCES `Tipo_producto` (`id_tipoproducto`);

--
-- Filtros para la tabla `Ventas`
--
ALTER TABLE `Ventas`
  ADD CONSTRAINT `Ventas_ibfk_1` FOREIGN KEY (`id_cliente`) REFERENCES `Cliente` (`id_cliente`),
  ADD CONSTRAINT `Ventas_ibfk_2` FOREIGN KEY (`id_vendedor`) REFERENCES `Vendedores` (`id_vendedor`);
COMMIT;

/*!40101 SET CHARACTER_SET_CLIENT=@OLD_CHARACTER_SET_CLIENT */;
/*!40101 SET CHARACTER_SET_RESULTS=@OLD_CHARACTER_SET_RESULTS */;
/*!40101 SET COLLATION_CONNECTION=@OLD_COLLATION_CONNECTION */;
